STRTDAY,STRTMNTH,STRTYR,ENDYEAR,ENDMNTH,ENDDAY,date,date1,NAMEA,NAMEB
1,7,1902,1903,1,24,1903/1/24,1902/7/1,USA,UKG
2,5,1913,1913,10,25,1913/10/25,1913/5/2,USA,JPN
15,5,1946,1946,11,13,1946/11/13,1946/5/15,USA,RUS
13,10,1951,1952,1,26,1952/1/26,1951/10/13,USA,GDR
1,7,1856,1857,3,14,3757/3/14,3756/7/1,USA,POL
29,12,1889,1890,1,10,3790/1/10,3789/12/29,USA,CZE
11,3,1938,1938,3,12,1938/3/12,1938/3/11,USA,CHN
26,8,1938,1938,9,30,1938/9/30,1938/8/26,USA,PRK
7,9,1938,1938,9,30,1938/9/30,1938/9/7,USA,CUB
11,3,1938,1938,9,30,1938/9/30,1938/3/11,USA,DOM
16,9,1938,1938,9,30,1938/9/30,1938/9/16,USA,HAI
20,7,1863,1863,7,20,3763/7/20,3763/7/20,USA,AUH
6,4,1863,1863,8,17,3763/8/17,3763/4/6,USA,IRQ
15,10,1895,1895,12,31,3795/12/31,3795/10/15,USA,EGY
1,1,1839,1839,3,23,3739/3/23,3739/1/1,USA,MEX
25,12,1897,1898,2,5,3798/2/5,3797/12/25,USA,NIC
15,1,1848,1849,3,23,3749/3/23,3748/1/15,USA,PAN
1,3,1848,1848,8,9,3748/8/9,3748/3/1,USA,COL
18,11,1945,1946,5,9,1946/5/9,1945/11/18,USA,MOR
21,11,1912,1912,12,3,1912/12/3,1912/11/21,USA,GMY
9,6,1940,1940,6,17,1940/6/17,1940/6/9,USA,ITA
1,3,1939,1939,10,18,1939/10/18,1939/3/1,USA,SPN
15,8,1831,1831,9,30,3731/9/30,3731/8/15,USA,BUL
2,8,1831,1832,2,2,3732/2/2,3731/8/2,USA,TUR
21,3,1948,1949,7,25,1949/7/25,1948/3/21,USA,HUN
13,8,1961,1961,10,28,1961/10/28,1961/8/13,USA,RUM
18,10,1961,1961,10,28,1961/10/28,1961/10/18,USA,FRN
25,7,1961,1961,10,28,1961/10/28,1961/7/25,USA,PER
19,7,1961,1961,9,5,1961/9/5,1961/7/19,USA,CAM
6,10,1908,1909,3,31,1909/3/31,1908/10/6,USA,ECU
30,5,1900,1900,8,16,1900/8/16,1900/5/30,USA,SYR
29,12,1837,1838,1,5,3738/1/5,3737/12/29,USA,DRV
10,4,1928,1928,11,18,1928/11/18,1928/4/10,USA,YAR
27,5,1929,1929,12,3,1929/12/3,1929/5/27,USA,GUA
14,11,1897,1898,3,6,3798/3/6,3797/11/14,USA,HON
4,8,1954,1954,8,8,1954/8/8,1954/8/4,USA,CHL
11,2,1953,1956,1,19,1956/1/19,1953/2/11,USA,BRA
4,2,1954,1954,8,8,1954/8/8,1954/2/4,USA,SWD
13,2,1953,1953,2,13,1953/2/13,1953/2/13,USA,SAL
30,9,1950,1953,7,27,1953/7/27,1950/9/30,USA,TAW
27,6,1950,1953,7,27,1953/7/27,1950/6/27,USA,GRC
29,6,1950,1953,7,27,1953/7/27,1950/6/29,USA,ISR
6,6,1951,1953,7,27,1953/7/27,1951/6/6,USA,IRN
28,6,1950,1953,7,27,1953/7/27,1950/6/28,USA,GUI
20,1,1951,1953,7,27,1953/7/27,1951/1/20,USA,LIB
1,1,1951,1953,7,27,1953/7/27,1951/1/1,USA,ALB
1,5,1951,1953,7,27,1953/7/27,1951/5/1,USA,SWZ
18,10,1950,1953,7,27,1953/7/27,1950/10/18,USA,AUS
24,6,1950,1953,7,27,1953/7/27,1950/6/24,USA,CAN
16,9,1950,1953,7,27,1953/7/27,1950/9/16,USA,GRN
1,7,1950,1953,7,27,1953/7/27,1950/7/1,USA,YUG
22,8,1956,1956,8,23,1956/8/23,1956/8/22,USA,YPR
29,8,1923,1923,9,27,1923/9/27,1923/8/29,USA,JOR
15,2,1897,1897,8,15,3797/8/15,3797/2/15,USA,SUD
13,6,1853,1856,3,30,3756/3/30,3753/6/13,USA,AFG
20,4,1854,1856,3,30,3756/3/30,3754/4/20,USA,LBR
10,1,1855,1856,3,30,3756/3/30,3755/1/10,USA,VEN
31,5,1853,1856,3,30,3756/3/30,3753/5/31,,
28,1,1962,1962,12,12,1962/12/12,1962/1/28,,
5,4,1826,1826,10,6,3726/10/6,3726/4/5,,
1,7,1883,1883,7,1,3783/7/1,3783/7/1,,
25,7,1934,1934,7,31,1934/7/31,1934/7/25,,
1,1,1900,1900,2,9,1900/2/9,1900/1/1,,
25,3,1914,1916,11,29,1916/11/29,1914/3/25,,
17,1,1850,1850,4,27,3750/4/27,3750/1/17,,
23,6,1934,1934,6,23,1934/6/23,1934/6/23,,
18,9,1898,1898,11,4,3798/11/4,3798/9/18,,
17,7,1847,1848,1,17,3748/1/17,3747/7/17,,
25,3,1907,1908,3,23,1908/3/23,1907/3/25,,
8,8,1907,1908,3,23,1908/3/23,1907/8/8,,
16,7,1870,1870,11,15,3770/11/15,3770/7/16,,
6,7,1870,1871,2,25,3771/2/25,3770/7/6,,
16,7,1870,1870,11,22,3770/11/22,3770/7/16,,
17,7,1870,1870,11,22,3770/11/22,3770/7/17,,
21,9,1822,1823,11,13,3723/11/13,3722/9/21,,
6,1,1823,1823,1,6,3723/1/6,3723/1/6,,
22,5,1887,1887,5,22,3787/5/22,3787/5/22,,
18,2,1964,1964,2,29,1964/2/29,1964/2/18,,
1,10,1909,1910,4,31,1910/5/1,1909/10/1,,
26,4,1886,1886,6,7,3786/6/7,3786/4/26,,
13,12,1914,1915,9,9,1915/9/9,1914/12/13,,
1,3,1880,1880,7,31,3780/7/31,3780/3/1,,
23,4,1895,1895,4,23,3795/4/23,3795/4/23,,
23,4,1895,1895,7,1,3795/7/1,3795/4/23,,
7,4,1939,1939,4,8,1939/4/8,1939/4/7,,
1,9,1904,1904,10,31,1904/10/31,1904/9/1,,
22,8,1935,1936,5,9,1936/5/9,1935/8/22,,
22,11,1934,1936,5,9,1936/5/9,1934/11/22,,
10,9,1860,1860,9,29,3760/9/29,3760/9/10,,
7,9,1860,1860,9,29,3760/9/29,3760/9/7,,
13,11,1860,1861,1,19,3761/1/19,3760/11/13,,
18,9,1860,1861,2,13,3761/2/13,3760/9/18,,
12,9,1911,1911,10,18,1911/10/18,1911/9/12,,
6,6,1859,1859,7,12,3759/7/12,3759/6/6,,
22,4,1859,1859,7,12,3759/7/12,3759/4/22,,
24,6,1859,1859,7,12,3759/7/12,3759/6/24,,
29,1,1859,1859,7,12,3759/7/12,3759/1/29,,
12,3,1885,1885,5,22,3785/5/22,3785/3/12,,
2,7,1853,1853,7,2,3753/7/2,3753/7/2,,
26,6,1961,1962,2,28,1962/2/28,1961/6/26,,
10,9,1961,1962,2,28,1962/2/28,1961/9/10,,
29,6,1961,1961,6,29,1961/6/29,1961/6/29,,
1,7,1961,1962,2,28,1962/2/28,1961/7/1,,
25,6,1961,1962,2,28,1962/2/28,1961/6/25,,
1,4,1845,1846,3,26,3746/3/26,3745/4/1,,
17,5,1958,1958,10,24,1958/10/24,1958/5/17,,
15,7,1958,1958,10,24,1958/10/24,1958/7/15,,
14,5,1958,1958,10,24,1958/10/24,1958/5/14,,
14,7,1958,1958,10,24,1958/10/24,1958/7/14,,
1,1,1853,1853,2,25,3753/2/25,3753/1/1,,
1,2,1853,1853,2,25,3753/2/25,3753/2/1,,
3,3,1921,1921,11,5,1921/11/5,1921/3/3,,
5,5,1921,1921,5,5,1921/5/5,1921/5/5,,
11,1,1905,1905,12,6,1905/12/6,1905/1/11,,
18,9,1931,1933,5,31,1933/5/31,1931/9/18,,
14,9,1899,1900,4,31,1900/5/1,3799/9/14,,
16,3,1900,1900,4,30,1900/4/30,1900/3/16,,
13,1,1923,1923,1,15,1923/1/15,1923/1/13,,
11,1,1923,1923,1,15,1923/1/15,1923/1/11,,
20,3,1939,1939,3,23,1939/3/23,1939/3/20,,
31,10,1861,1862,4,8,3762/4/8,3761/10/31,,
31,10,1861,1867,2,5,3767/2/5,3761/10/31,,
9,4,1914,1914,11,23,1914/11/23,1914/4/9,,
4,5,1831,1831,5,11,3731/5/11,3731/5/4,,
1,12,1934,1935,2,2,1935/2/2,1934/12/1,,
7,6,1880,1881,2,25,3781/2/25,3780/6/7,,
1,7,1880,1880,11,25,3780/11/25,3780/7/1,,
14,9,1880,1880,11,25,3780/11/25,3780/9/14,,
16,6,1880,1881,2,25,3781/2/25,3780/6/16,,
18,7,1821,1821,8,10,3721/8/10,3721/7/18,,
9,7,1854,1854,10,31,3754/10/31,3754/7/9,,
5,1,1927,1927,3,28,1927/3/28,1927/1/5,,
24,1,1927,1927,3,28,1927/3/28,1927/1/24,,
20,1,1927,1927,3,28,1927/3/28,1927/1/20,,
8,2,1927,1927,3,28,1927/3/28,1927/2/8,,
16,8,1827,1828,4,31,3728/5/1,3727/8/16,,
1,1,1821,1821,3,24,3721/3/24,3721/1/1,,
22,4,1959,1960,8,1,1960/8/1,1959/4/22,,
18,11,1856,1857,5,26,3757/5/26,3756/11/18,,
2,5,1926,1926,9,23,1926/9/23,1926/5/2,,
1,12,1896,1898,6,14,3798/6/14,3796/12/1,,
22,6,1833,1833,7,10,3733/7/10,3733/6/22,,
8,11,1850,1850,11,29,3750/11/29,3750/11/8,,
11,10,1850,1850,11,29,3750/11/29,3750/10/11,,
26,9,1850,1850,11,29,3750/11/29,3750/9/26,,
28,10,1850,1850,11,29,3750/11/29,3750/10/28,,
1,2,1906,1906,5,12,1906/5/12,1906/2/1,,
7,7,1937,1945,8,14,1945/8/14,1937/7/7,,
28,2,1921,1921,9,9,1921/9/9,1921/2/28,,
21,2,1921,1921,9,9,1921/9/9,1921/2/21,,
2,11,1903,1904,1,25,1904/1/25,1903/11/2,,
21,3,1838,1839,3,9,3739/3/9,3738/3/21,,
31,5,1904,1904,6,28,1904/6/28,1904/5/31,,
12,6,1904,1904,6,28,1904/6/28,1904/6/12,,
1,6,1904,1904,6,28,1904/6/28,1904/6/1,,
2,11,1911,1912,9,29,1912/9/29,1911/11/2,,
16,4,1908,1908,6,17,1908/6/17,1908/4/16,,
10,3,1821,1821,4,8,3721/4/8,3721/3/10,,
1,9,1939,1939,9,29,1939/9/29,1939/9/1,,
25,2,1962,1962,12,19,1962/12/19,1962/2/25,,
7,1,1962,1962,12,19,1962/12/19,1962/1/7,,
8,9,1958,1958,9,8,1958/9/8,1958/9/8,,
22,7,1958,1958,12,19,1958/12/19,1958/7/22,,
7,3,1936,1936,3,7,1936/3/7,1936/3/7,,
24,4,1849,1849,7,1,3749/7/1,3749/4/24,,
18,2,1849,1849,7,1,3749/7/1,3749/2/18,,
28,4,1849,1849,7,1,3749/7/1,3749/4/28,,
11,1,1923,1923,7,11,1923/7/11,1923/1/11,,
15,8,1922,1923,7,11,1923/7/11,1922/8/15,,
1,4,1932,1935,3,23,1935/3/23,1932/4/1,,
8,10,1939,1940,3,12,1940/3/12,1939/10/8,,
1,10,1903,1905,1,31,1905/1/31,1903/10/1,,
29,6,1903,1905,9,15,1905/9/15,1903/6/29,,
1,12,1935,1936,3,31,1936/3/31,1935/12/1,,
8,1,1935,1936,3,31,1936/3/31,1935/1/8,,
26,5,1939,1939,9,16,1939/9/16,1939/5/26,,
11,5,1939,1939,9,16,1939/9/16,1939/5/11,,
9,7,1938,1938,8,11,1938/8/11,1938/7/9,,
17,10,1956,1956,10,21,1956/10/21,1956/10/17,,
12,7,1920,1920,8,3,1920/8/3,1920/7/12,,
31,10,1876,1878,1,31,3778/1/31,3776/10/31,,
1,11,1827,1829,9,14,3729/9/14,3727/11/1,,
18,12,1888,1889,3,16,3789/3/16,3788/12/18,,
23,12,1863,1864,7,20,3764/7/20,3763/12/23,,
17,4,1863,1864,7,20,3764/7/20,3763/4/17,,
1,12,1863,1863,12,1,3763/12/1,3763/12/1,,
24,11,1863,1864,7,20,3764/7/20,3763/11/24,,
1,10,1863,1864,7,20,3764/7/20,3763/10/1,,
1,7,1893,1893,8,3,3793/8/3,3793/7/1,,
4,2,1893,1893,10,3,3793/10/3,3793/2/4,,
12,1,1918,1920,4,1,1920/4/1,1918/1/12,,
1,9,1918,1920,4,1,1920/4/1,1918/9/1,,
21,11,1917,1920,4,1,1920/4/1,1917/11/21,,
1,9,1848,1848,9,11,3748/9/11,3748/9/1,,
2,11,1961,1962,11,21,1962/11/21,1961/11/2,,
6,11,1956,1956,11,6,1956/11/6,1956/11/6,,
5,11,1956,1956,11,6,1956/11/6,1956/11/5,,
31,7,1956,1956,11,6,1956/11/6,1956/7/31,,
2,8,1956,1956,11,6,1956/11/6,1956/8/2,,
1,9,1955,1956,11,6,1956/11/6,1955/9/1,,
14,4,1883,1885,6,9,3785/6/9,3783/4/14,,
23,6,1959,1961,10,31,1961/10/31,1959/6/23,,
1,1,1858,1858,6,8,3758/6/8,3758/1/1,,
10,3,1953,1953,3,31,1953/3/31,1953/3/10,,
12,3,1953,1953,3,31,1953/3/31,1953/3/12,,
1,8,1936,1939,3,29,1939/3/29,1936/8/1,,
28,7,1936,1939,3,29,1939/3/29,1936/7/28,,
9,4,1920,1920,4,9,1920/4/9,1920/4/9,,
2,4,1920,1920,7,16,1920/7/16,1920/4/2,,
1,2,1888,1888,3,31,3788/3/31,3788/2/1,,
1,3,1888,1888,3,31,3788/3/31,3788/3/1,,
1,11,1836,1836,12,31,3736/12/31,3736/11/1,,
1,8,1840,1840,11,27,3740/11/27,3740/8/1,,
22,8,1870,1870,10,5,3770/10/5,3770/8/22,,
25,7,1870,1870,10,5,3770/10/5,3770/7/25,,
4,11,1865,1865,11,24,3765/11/24,3765/11/4,,
7,11,1861,1861,12,26,3761/12/26,3761/11/7,,
27,8,1861,1861,9,21,3761/9/21,3761/8/27,,
13,3,1861,1861,9,21,3761/9/21,3761/3/13,,
1,3,1881,1881,8,31,3781/8/31,3781/3/1,,
29,4,1919,1921,3,13,1921/3/13,1919/4/29,,
26,4,1849,1849,5,25,3749/5/25,3749/4/26,,
4,7,1940,1941,7,7,1941/7/7,1940/7/4,,
6,10,1849,1849,11,13,3749/11/13,3749/10/6,,
1,11,1849,1849,11,13,3749/11/13,3749/11/1,,
28,12,1899,1900,1,15,1900/1/15,3799/12/28,,
10,5,1913,1913,5,14,1913/5/14,1913/5/10,,
22,7,1864,1864,9,14,3764/9/14,3764/7/22,,
5,5,1923,1923,6,11,1923/6/11,1923/5/5,,
21,10,1904,1904,11,5,1904/11/5,1904/10/21,,
22,4,1960,1961,4,26,1961/4/26,1960/4/22,,
9,7,1960,1961,4,26,1961/4/26,1960/7/9,,
1,1,1905,1905,1,31,1905/1/31,1905/1/1,,
31,1,1932,1932,2,13,1932/2/13,1932/1/31,,
1,5,1910,1910,5,31,1910/5/31,,,
9,4,1965,1965,4,9,1965/4/9,,,
15,4,1946,1946,10,4,1946/10/4,,,
4,12,1945,1946,10,4,1946/10/4,,,
1,5,1960,1960,7,18,1960/7/18,,,
1,5,1960,1960,7,30,1960/7/30,,,
8,5,1960,1960,7,30,1960/7/30,,,
8,5,1960,1960,7,8,1960/7/8,,,
8,12,1902,1903,2,19,1903/2/19,,,
16,12,1902,1903,2,19,1903/2/19,,,
23,7,1902,1903,2,19,1903/2/19,,,
7,12,1902,1903,2,19,1903/2/19,,,
31,10,1873,1873,11,10,3773/11/10,,,
1,11,1873,1873,11,10,3773/11/10,,,
17,4,1917,1918,11,11,1918/11/11,,,
17,4,1917,1918,11,3,1918/11/3,,,
17,4,1917,1918,9,29,1918/9/29,,,
26,7,1914,1918,11,11,1918/11/11,,,
26,7,1914,1918,11,3,1918/11/3,,,
14,10,1915,1918,9,29,1918/9/29,,,
2,9,1914,1918,11,11,1918/11/11,,,
2,8,1914,1918,11,11,1918/11/11,,,
2,8,1914,1918,11,3,1918/11/3,,,
25,7,1914,1918,11,11,1918/11/11,,,
25,7,1914,1918,11,3,1918/11/3,,,
10,3,1916,1918,11,11,1918/11/11,,,
10,3,1916,1918,11,3,1918/11/3,,,
10,3,1916,1918,9,29,1918/9/29,,,
23,5,1915,1918,11,11,1918/11/11,,,
29,6,1917,1918,11,11,1918/11/11,,,
27,8,1916,1917,12,9,1917/12/9,,,
25,7,1914,1917,12,15,1917/12/15,,,
23,8,1914,1918,11,11,1918/11/11,,,
23,5,1915,1918,11,3,1918/11/3,,,
23,7,1914,1918,11,3,1918/11/3,,,
29,6,1917,1918,11,3,1918/11/3,,,
23,8,1914,1918,11,3,1918/11/3,,,
8,8,1914,1918,11,3,1918/11/3,,,
29,6,1917,1918,9,29,1918/9/29,,,
14,10,1915,1917,12,15,1917/12/15,,,
2,9,1914,1917,12,15,1917/12/15,,,
7,12,1941,1945,5,7,1945/5/7,,,
7,12,1941,1945,1,20,1945/1/20,,,
7,12,1941,1943,10,25,1943/10/25,,,
13,12,1941,1944,8,8,1944/8/8,,,
12,12,1941,1944,8,23,1944/8/23,,,
7,12,1941,1945,8,14,1945/8/14,,,
10,9,1939,1945,5,7,1945/5/7,,,
13,12,1941,1944,8,26,1944/8/26,,,
6,7,1944,1945,5,7,1945/5/7,,,
6,7,1944,1945,8,7,1945/8/7,,,
31,3,1939,1945,5,7,1945/5/7,,,
27,6,1941,1945,1,20,1945/1/20,,,
10,6,1940,1943,9,2,1943/9/2,,,
16,12,1941,1944,8,23,1944/8/23,,,
16,12,1941,1944,9,19,1944/9/19,,,
7,3,1941,1945,8,14,1945/8/14,,,
10,5,1940,1940,5,14,1940/5/14,,,
25,8,1939,1940,5,28,1940/5/28,,,
31,3,1939,1940,6,22,1940/6/22,,,
23,10,1944,1945,5,7,1945/5/7,,,
23,10,1944,1945,1,20,1945/1/20,,,
23,12,1944,1945,8,14,1945/8/14,,,
1,8,1941,1944,8,31,1944/8/31,,,
25,3,1939,1939,9,27,1939/9/27,,,
6,4,1941,1941,4,17,1941/4/17,,,
25,10,1940,1941,4,23,1941/4/23,,,
22,3,1941,1945,5,7,1945/5/7,,,
9,4,1940,1940,6,9,1940/6/9,,,
6,9,1939,1945,5,7,1945/5/7,,,
3,9,1939,1945,5,7,1945/5/7,,,
28,10,1940,1941,4,23,1941/4/23,,,
6,4,1941,1941,4,23,1941/4/23,,,
22,6,1941,1944,8,23,1944/8/23,,,
25,6,1941,1944,8,19,1944/8/19,,,
22,6,1941,1945,8,14,1945/8/14,,,
10,8,1945,1945,8,14,1945/8/14,,,
3,6,1956,1958,9,6,1958/9/6,,,
26,9,1914,1915,5,25,1915/5/25,,,
5,5,1866,1866,7,26,3766/7/26,,,
20,6,1866,1866,7,26,3766/7/26,,,
31,3,1866,1866,7,26,3766/7/26,,,
11,5,1866,1866,7,26,3766/7/26,,,
19,3,1866,1866,7,26,3766/7/26,,,
3,4,1865,1866,7,26,3766/7/26,,,
25,3,1866,1866,7,26,3766/7/26,,,
8,2,1958,1958,6,17,1958/6/17,,,
1,11,1835,1835,12,31,3735/12/31,,,
20,4,1854,1854,11,22,3754/11/22,,,
17,9,1860,1861,1,19,3761/1/19,,,
6,5,1877,1878,6,13,3778/6/13,,,
25,3,1898,1898,4,1,3798/4/1,,,
1,10,1905,1905,12,31,1905/12/31,,,
2,4,1908,1908,4,20,1908/4/20,,,
1,11,1910,1910,12,28,1910/12/28,,,
15,3,1910,1910,10,14,1910/10/14,,,
2,10,1911,1911,10,15,1911/10/15,,,
21,7,1911,1911,7,21,1911/7/21,,,
1,7,1911,1911,10,11,1911/10/11,,,
16,1,1912,1912,1,27,1912/1/27,,,
2,11,1912,1913,3,31,1913/3/31,,,
31,3,1913,1913,3,31,1913/3/31,,,
20,10,1914,1915,5,23,1915/5/23,,,
25,8,1914,1915,5,23,1915/5/23,,,
12,1,1915,1915,5,23,1915/5/23,,,
10,3,1916,1917,2,5,1917/2/5,,,
29,11,1916,1917,5,29,1917/5/29,,,
6,6,1916,1917,6,27,1917/6/27,,,
27,11,1916,1917,6,29,1917/6/29,,,
13,10,1915,1917,6,29,1917/6/29,,,
16,1,1916,1917,6,29,1917/6/29,,,
16,3,1920,1920,8,23,1920/8/23,,,
16,9,1922,1923,7,24,1923/7/24,,,
16,9,1922,1922,10,11,1922/10/11,,,
30,8,1937,1937,8,30,1937/8/30,,,
14,12,1938,1940,6,20,1940/6/20,,,
2,4,1940,1941,12,7,1941/12/7,,,
2,10,1966,1968,6,7,1968/6/7,,,
10,6,1967,1967,6,19,1967/6/19,,,
23,5,1967,1967,6,19,1967/6/19,,,
16,7,1968,1968,11,12,1968/11/12,,,
10,5,1968,1968,11,12,1968/11/12,,,
23,4,1968,1968,11,12,1968/11/12,,,
23,1,1968,1968,12,22,1968/12/22,,,
2,3,1969,1969,10,20,1969/10/20,,,
14,2,1969,1969,5,17,1969/5/17,,,
1,1,1969,1969,11,7,1969/11/7,,,
9,10,1973,1973,10,31,1973/10/31,,,
1,9,1972,1973,11,8,1973/11/8,,,
15,1,1974,1974,1,20,1974/1/20,,,
12,5,1975,1975,5,15,1975/5/15,,,
20,10,1975,1975,10,20,1975/10/20,,,
1,10,1975,1975,11,29,1975/11/29,,,
3,2,1976,1976,2,3,1976/2/3,,,
18,8,1976,1976,8,31,1976/8/31,,,
19,6,1976,1976,8,31,1976/8/31,,,
4,2,1976,1976,2,11,1976/2/11,,,
14,3,1974,1974,9,14,1974/9/14,,,
6,9,1976,1976,11,31,1976/12/1,,,
27,8,1821,1822,2,27,3722/2/27,,,
20,7,1828,1828,8,28,3728/8/28,,,
22,10,1832,1833,5,21,3733/5/21,,,
15,9,1832,1833,5,21,3733/5/21,,,
15,8,1830,1830,9,31,3730/10/1,,,
28,8,1830,1830,9,31,3730/10/1,,,
1,1,1842,1842,3,13,3742/3/13,,,
1,1,1842,1842,3,31,3742/3/31,,,
1,1,1846,1846,6,8,3746/6/8,,,
1,4,1848,1848,8,9,3748/8/9,,,
23,3,1848,1848,8,9,3748/8/9,,,
10,4,1848,1848,8,31,3748/8/31,,,
1,4,1848,1848,8,26,3748/8/26,,,
1,4,1848,1849,7,10,3749/7/10,,,
1,4,1852,1852,6,31,3752/7/1,,,
24,3,1898,1898,3,24,3798/3/24,,,
24,3,1898,1898,4,10,3798/4/10,,,
10,5,1856,1856,5,31,3756/5/31,,,
19,11,1864,1864,11,27,3764/11/27,,,
6,9,1898,1898,10,5,3798/10/5,,,
5,10,1898,1898,10,5,3798/10/5,,,
13,9,1914,1915,3,13,1915/3/13,,,
1,2,1916,1916,3,1,1916/3/1,,,
14,8,1916,1916,8,27,1916/8/27,,,
9,10,1915,1915,10,14,1915/10/14,,,
17,8,1914,1915,10,14,1915/10/14,,,
2,10,1915,1915,10,14,1915/10/14,,,
10,2,1915,1915,7,21,1915/7/21,,,
9,10,1916,1917,4,17,1917/4/17,,,
5,4,1917,1918,11,11,1918/11/11,,,
1,4,1930,1930,4,1,1930/4/1,,,
1,9,1931,1931,9,31,1931/10/1,,,
31,5,1937,1937,7,6,1937/7/6,,,
23,9,1938,1938,12,1,1938/12/1,,,
20,3,1941,1941,12,11,1941/12/11,,,
21,5,1940,1940,10,25,1940/10/25,,,
14,5,1941,1941,5,23,1941/5/23,,,
30,4,1941,1941,5,23,1941/5/23,,,
12,10,1941,1941,12,31,1941/12/31,,,
5,2,1831,1831,2,5,3731/2/5,,,
12,2,1864,1864,7,21,3764/7/21,,,
23,9,1939,1939,10,18,1939/10/18,,,
1,2,1940,1940,6,15,1940/6/15,,,
10,6,1940,1940,6,17,1940/6/17,,,
12,7,1881,1881,8,31,3781/8/31,,,
25,4,1882,1882,6,17,3782/6/17,,,
9,7,1866,1866,7,9,3766/7/9,,,
5,8,1866,1866,8,7,3766/8/7,,,
2,4,1920,1922,10,25,1922/10/25,,,
24,2,1899,1899,4,31,3799/5/1,,,
1,6,1941,1941,12,13,1941/12/13,,,
1,3,1941,1941,12,13,1941/12/13,,,
22,7,1917,1918,11,11,1918/11/11,,,
22,7,1917,1918,11,3,1918/11/3,,,
8,5,1918,1918,11,11,1918/11/11,,,
19,8,1941,1941,8,31,1941/8/31,,,
20,1,1972,1972,1,20,1972/1/20,,,
12,11,1972,1972,11,22,1972/11/22,,,
3,8,1946,1946,8,3,1946/8/3,,,
2,8,1946,1946,8,3,1946/8/3,,,
1,7,1949,1949,9,9,1949/9/9,,,
30,7,1956,1956,12,12,1956/12/12,,,
20,10,1956,1956,11,14,1956/11/14,,,
25,4,1957,1957,11,19,1957/11/19,,,
13,10,1957,1957,11,19,1957/11/19,,,
13,9,1957,1957,11,19,1957/11/19,,,
17,4,1957,1957,5,26,1957/5/26,,,
13,4,1957,1957,11,19,1957/11/19,,,
7,11,1958,1959,6,23,1959/6/23,,,
22,10,1962,1965,6,30,1965/6/30,,,
25,2,1964,1965,4,18,1965/4/18,,,
6,7,1964,1971,12,31,1971/12/31,,,
23,2,1964,1973,1,27,1973/1/27,,,
8,1,1965,1965,4,18,1965/4/18,,,
7,7,1964,1965,4,18,1965/4/18,,,
8,8,1964,1965,4,18,1965/4/18,,,
24,5,1965,1965,6,18,1965/6/18,,,
8,7,1965,1971,1,31,1971/1/31,,,
21,9,1967,1971,12,31,1971/12/31,,,
13,3,1970,1971,12,31,1971/12/31,,,
1,10,1966,1971,12,31,1971/12/31,,,
1,8,1964,1971,12,31,1971/12/31,,,
24,5,1965,1971,6,31,1971/7/1,,,
8,1,1965,1973,1,28,1973/1/28,,,
21,9,1967,1973,1,28,1973/1/28,,,
13,3,1970,1975,4,17,1975/4/17,,,
30,7,1964,1975,4,30,1975/4/30,,,
1,10,1966,1973,1,28,1973/1/28,,,
8,8,1964,1972,12,20,1972/12/20,,,
27,2,1921,1921,5,31,1921/5/31,,,
23,11,1940,1941,1,22,1941/1/22,,,
23,2,1944,1944,2,23,1944/2/23,,,
1,11,1935,1935,11,28,1935/11/28,,,
4,2,1942,1942,2,4,1942/2/4,,,
15,11,1975,1976,6,1,1976/6/1,,,
5,1,1939,1939,1,16,1939/1/16,,,
16,1,1943,1945,9,6,1945/9/6,,,
9,9,1943,1943,9,9,1943/9/9,,,
1,7,1965,1966,11,28,1966/11/28,,,
1,4,1963,1963,4,31,1963/5/1,,,
29,7,1922,1922,7,29,1922/7/29,,,
8,8,1945,1945,8,10,1945/8/10,,,
6,7,1944,1944,7,6,1944/7/6,,,
4,4,1917,1918,11,11,1918/11/11,,,
27,6,1950,1950,8,7,1950/8/7,,,
1,10,1949,1950,8,7,1950/8/7,,,
1,10,1949,1950,1,24,1950/1/24,,,
28,4,1963,1963,6,3,1963/6/3,,,
26,4,1963,1963,6,3,1963/6/3,,,
20,4,1950,1955,8,4,1955/8/4,,,
12,10,1956,1956,10,26,1956/10/26,,,
17,10,1955,1956,10,26,1956/10/26,,,
12,1,1957,1957,11,7,1957/11/7,,,
28,10,1965,1965,10,28,1965/10/28,,,
14,6,1962,1962,7,4,1962/7/4,,,
25,8,1963,1963,10,29,1963/10/29,,,
24,1,1964,1965,9,5,1965/9/5,,,
15,4,1960,1962,8,15,1962/8/15,,,
18,12,1961,1962,8,17,1962/8/17,,,
16,8,1951,1951,12,14,1951/12/14,,,
7,11,1957,1959,2,27,1959/2/27,,,
1,8,1927,1927,9,31,1927/10/1,,,
22,8,1928,1929,5,13,1929/5/13,,,
15,6,1931,1935,6,12,1935/6/12,,,
3,10,1936,1936,10,4,1936/10/4,,,
1,6,1938,1938,7,21,1938/7/21,,,
17,5,1967,1967,6,10,1967/6/10,,,
14,5,1967,1967,6,10,1967/6/10,,,
16,12,1966,1967,6,10,1967/6/10,,,
18,9,1970,1970,9,26,1970/9/26,,,
11,6,1970,1970,9,26,1970/9/26,,,
16,9,1970,1970,9,26,1970/9/26,,,
2,8,1970,1970,9,26,1970/9/26,,,
1,6,1948,1948,6,31,1948/7/1,,,
21,2,1973,1973,2,21,1973/2/21,,,
10,10,1973,1973,10,24,1973/10/24,,,
17,11,1971,1973,10,24,1973/10/24,,,
18,10,1971,1973,10,24,1973/10/24,,,
6,10,1973,1973,10,24,1973/10/24,,,
12,5,1968,1968,6,15,1968/6/15,,,
1,9,1943,1943,9,31,1943/10/1,,,
15,4,1974,1974,12,18,1974/12/18,,,
12,4,1974,1975,12,5,1975/12/5,,,
28,8,1953,1953,12,20,1953/12/20,,,
1,8,1908,1908,12,23,1908/12/23,,,
17,12,1941,1941,12,17,1941/12/17,,,
15,7,1967,1970,8,7,1970/8/7,,,
15,8,1970,1970,10,14,1970/10/14,,,
23,7,1968,1968,9,1,1968/9/1,,,
13,2,1963,1965,11,14,1965/11/14,,,
11,2,1963,1965,11,14,1965/11/14,,,
1,9,1963,1965,11,14,1965/11/14,,,
4,4,1968,1968,12,13,1968/12/13,,,
7,8,1954,1955,6,8,1955/6/8,,,
17,8,1961,1961,12,19,1961/12/19,,,
22,9,1947,1947,11,10,1947/11/10,,,
13,3,1951,1951,8,14,1951/8/14,,,
20,7,1971,1971,8,13,1971/8/13,,,
1,7,1937,1937,12,31,1937/12/31,,,
2,7,1962,1962,10,19,1962/10/19,,,
30,9,1963,1963,11,4,1963/11/4,,,
9,5,1909,1910,3,23,1910/3/23,,,
23,5,1911,1911,12,30,1911/12/30,,,
1,2,1958,1958,2,25,1958/2/25,,,
1,5,1900,1902,4,6,1902/4/6,,,
1,11,1907,1907,11,31,1907/12/1,,,
1,1,1912,1912,2,18,1912/2/18,,,
1,7,1952,1952,9,31,1952/10/1,,,
4,8,1955,1955,9,31,1955/10/1,,,
1,4,1958,1958,8,19,1958/8/19,,,
16,8,1959,1959,9,29,1959/9/29,,,
24,3,1960,1960,3,24,1960/3/24,,,
17,9,1963,1963,9,17,1963/9/17,,,
6,5,1972,1972,5,25,1972/5/25,,,
18,11,1973,1973,11,18,1973/11/18,,,
1,11,1975,1976,3,11,1976/3/11,,,
25,10,1971,1972,10,28,1972/10/28,,,
11,11,1962,1962,12,15,1962/12/15,,,
21,10,1962,1962,12,22,1962/12/22,,,
1,10,1962,1963,12,22,1963/12/22,,,
5,10,1962,1963,12,22,1963/12/22,,,
1,5,1966,1967,5,14,1967/5/14,,,
26,11,1969,1969,12,12,1969/12/12,,,
25,9,1949,1950,1,31,,,,
23,6,1959,1959,7,24,,,,
1,7,1959,1959,7,24,,,,
8,5,1967,1967,5,8,,,,
23,11,1957,1958,2,24,,,,
1,1,1972,1972,6,30,,,,
1,1,1973,1974,1,2,,,,
1,2,1901,1901,6,17,,,,
9,7,1962,1962,8,19,,,,
29,12,1958,1958,12,29,,,,
29,12,1958,1959,1,29,,,,
1,1,1931,1931,1,31,,,,
30,12,1931,1932,4,1,,,,
1,5,1934,1934,6,23,,,,
15,11,1933,1934,6,23,,,,
1,10,1921,1921,10,30,,,,
15,11,1914,1917,3,20,,,,
3,11,1918,1918,11,3,,,,
18,5,1920,1921,2,24,,,,
8,5,1920,1921,2,24,,,,
13,8,1974,1975,3,13,,,,
30,11,1971,1972,6,3,,,,
6,4,1969,1969,6,13,,,,
22,9,1959,1960,1,21,,,,
1,9,1932,1933,5,25,,,,
1,2,1934,1934,5,19,,,,
5,12,1917,1917,12,26,,,,
15,12,1919,1921,2,31,,,,
1,12,1901,1905,1,29,,,,
1,2,1910,1910,12,31,,,,
22,4,1912,1913,3,31,,,,
1,11,1914,1916,1,31,,,,
1,2,1917,1918,5,31,,,,
8,10,1932,1932,11,12,,,,
1,12,1934,1936,10,31,,,,
1,5,1938,1938,6,27,,,,
1,6,1939,1942,2,11,,,,
11,8,1951,1951,8,15,,,,
24,1,1954,1954,10,31,,,,
1,8,1955,1955,9,27,,,,
11,1,1971,1971,1,16,,,,
1,10,1907,1907,10,31,,,,
18,1,1911,1911,7,19,,,,
1,4,1913,1913,5,31,,,,
21,10,1902,1904,7,12,,,,
1,8,1918,1918,8,31,,,,
14,10,1966,1967,4,14,,,,
1,2,1922,1922,8,20,,,,
1,10,1927,1928,2,14,,,,
7,4,1929,1929,4,7,,,,
1,3,1929,1929,7,9,,,,
28,8,1935,1935,9,31,,,,
28,1,1969,1969,7,28,,,,
19,4,1957,1957,6,23,,,,
17,9,1900,1901,11,16,,,,
19,2,1917,1917,9,3,,,,
1,3,1920,1920,5,14,,,,
1,3,1919,1919,3,31,,,,
19,6,1902,1903,4,31,,,,
1,1,1906,1906,1,31,,,,
19,11,1910,1911,3,30,,,,
1,5,1911,1911,10,20,,,,
1,11,1918,1918,12,31,,,,
1,9,1922,1922,11,31,,,,
25,7,1920,1920,8,22,,,,
15,7,1920,1920,8,22,,,,
22,3,1962,1962,4,31,,,,
1,11,1975,1976,7,31,,,,
13,7,1976,1976,8,12,,,,
11,9,1976,1976,9,11,,,,
1,8,1954,1954,8,1,,,,
1,4,1954,1955,2,24,,,,
2,7,1918,1918,8,30,,,,
24,12,1913,1914,1,31,,,,
1,9,1943,1943,9,8,,,,
10,2,1973,1973,2,10,,,,
5,1,1907,1907,4,23,,,,
12,3,1907,1907,4,23,,,,
3,1,1909,1909,5,25,,,,
14,3,1909,1909,5,25,,,,
15,3,1909,1909,5,25,,,,
12,3,1909,1909,5,25,,,,
30,6,1907,1907,6,30,,,,
11,6,1907,1907,11,13,,,,
13,7,1906,1906,7,20,,,,
1,3,1906,1906,7,20,,,,
28,5,1906,1906,6,31,,,,
24,6,1969,1969,7,18,,,,
2,4,1912,1912,7,1,,,,
26,12,1959,1959,12,28,,,,
15,5,1962,1962,5,15,,,,
21,8,1935,1935,10,31,,,,
19,3,1964,1964,4,25,,,,
19,3,1964,1965,4,28,,,,
1,2,1956,1956,2,31,,,,
30,5,1958,1958,7,1,,,,
31,12,1965,1966,8,31,,,,
26,12,1965,1966,8,2,,,,
31,12,1965,1966,2,18,,,,
26,12,1965,1966,2,18,,,,
26,12,1965,1966,8,18,,,,
5,2,1967,1967,2,24,,,,
24,2,1967,1967,2,24,,,,
1,1,1919,1920,11,18,,,,
1,11,1953,1954,5,31,,,,
5,8,1958,1959,2,9,,,,
18,6,1961,1961,12,28,,,,
15,6,1962,1962,11,17,,,,
14,4,1964,1966,10,1,,,,
22,6,1967,1967,7,20,,,,
29,5,1975,1976,2,20,,,,
2,8,1976,1987,6,30,,,,
30,6,1980,1987,6,30,,,,
28,8,1921,1921,10,13,,,,
25,6,1921,1921,11,25,,,,
6,8,1921,1921,10,18,,,,
26,9,1947,1949,1,1,,,,
18,6,1923,1923,11,5,,,,
21,10,1925,1925,10,29,,,,
10,3,1938,1938,3,20,,,,
24,4,1938,1938,10,2,,,,
24,9,1938,1938,9,30,,,,
13,10,1938,1938,11,2,,,,
15,3,1939,1939,3,23,,,,
1,8,1909,1909,8,31,,,,
30,9,1912,1913,4,19,,,,
3,9,1912,1913,4,19,,,,
18,4,1913,1913,8,29,,,,
28,4,1913,1913,7,30,,,,
28,6,1913,1913,7,30,,,,
15,7,1913,1913,8,29,,,,
12,6,1915,1916,2,31,,,,
7,3,1915,1915,10,12,,,,
2,1,1918,1918,3,9,,,,
15,9,1918,1918,11,5,,,,
1,11,1918,1918,11,31,,,,
20,3,1919,1919,8,4,,,,
20,3,1919,1919,8,18,,,,
28,3,1919,1919,8,18,,,,
24,3,1919,1919,8,18,,,,
10,4,1919,1919,8,18,,,,
23,1,1919,1919,2,1,,,,
18,6,1919,1919,12,15,,,,
16,10,1919,1919,12,15,,,,
23,6,1919,1919,12,15,,,,
15,3,1919,1919,12,15,,,,
4,5,1919,1922,10,11,,,,
15,7,1920,1920,12,1,,,,
15,3,1921,1921,10,20,,,,
5,10,1908,1909,4,19,,,,
1,1,1958,1958,1,31,,,,
25,12,1963,1964,8,10,,,,
16,11,1967,1967,12,1,,,,
1,8,1948,1948,8,13,,,,
8,8,1949,1949,8,13,,,,
16,4,1951,1951,11,24,,,,
23,8,1949,1951,11,24,,,,
6,7,1950,1951,11,24,,,,
28,1,1950,1951,11,24,,,,
13,8,1949,1951,11,24,,,,
3,6,1976,1976,9,1,,,,
8,1,1975,1975,1,8,,,,
29,3,1974,1974,5,29,,,,
20,7,1974,1974,8,16,,,,
15,7,1974,1974,8,16,,,,
26,7,1952,1952,8,13,,,,
7,5,1955,1955,7,12,,,,
17,2,1956,1956,3,26,,,,
11,3,1958,1958,8,26,,,,
23,9,1960,1960,10,31,,,,
19,5,1961,1961,9,3,,,,
29,3,1955,1955,5,4,,,,
17,6,1950,1950,10,5,,,,
1,3,1949,1949,6,31,,,,
23,2,1950,1950,6,13,,,,
8,6,1961,1961,7,19,,,,
18,9,1962,1962,11,4,,,,
5,3,1965,1965,9,23,,,,
23,9,1965,1966,1,25,,,,
1,8,1964,1965,8,5,,,,
1,7,1963,1963,8,31,,,,
15,2,1965,1965,3,17,,,,
5,7,1960,1960,9,2,,,,
8,8,1966,1966,9,17,,,,
1,1,1969,1969,2,3,,,,
17,10,1966,1966,10,17,,,,
10,7,1969,1970,6,16,,,,
9,6,1969,1969,7,31,,,,
1,1,1965,1965,1,31,,,,
15,8,1963,1963,8,15,,,,
27,10,1975,1975,10,27,,,,
1,11,1967,1967,11,1,,,,
6,8,1976,1978,2,31,,,,
11,10,1975,1975,10,19,,,,
1,3,1969,1969,9,31,,,,
9,9,1976,1977,3,9,,,,
16,11,1976,1976,11,16,,,,
1,6,1972,1972,9,18,,,,
4,5,1973,1973,5,4,,,,
9,10,1967,1967,10,10,,,,
3,2,1953,1954,2,27,,,,
30,7,1954,1954,7,30,,,,
3,8,1955,1955,12,3,,,,
1,1,1958,1959,2,5,,,,
13,1,1961,1961,1,13,,,,
5,12,1958,1960,1,5,,,,
16,3,1966,1966,4,25,,,,
16,3,1966,1966,4,16,,,,
17,2,1967,1967,9,25,,,,
12,5,1962,1962,5,24,,,,
12,5,1962,1964,2,31,,,,
5,5,1962,1962,11,24,,,,
20,5,1962,1962,7,20,,,,
24,2,1962,1962,2,24,,,,
2,2,1962,1962,2,24,,,,
3,5,1962,1964,7,31,,,,
6,1,1962,1964,7,31,,,,
20,5,1962,1962,11,20,,,,
6,1,1962,1973,2,15,,,,
28,3,1969,1969,10,16,,,,
22,1,1964,1964,1,26,,,,
15,3,1973,1973,6,29,,,,
2,4,1961,1961,4,20,,,,
1,1,1961,1961,4,20,,,,
20,4,1961,1961,4,20,,,,
16,12,1960,1961,4,20,,,,
29,12,1960,1961,4,20,,,,
14,4,1972,1972,4,14,,,,
15,5,1965,1965,5,26,,,,
13,2,1973,1973,2,13,,,,
18,2,1976,1976,8,27,,,,
29,8,1959,1959,8,29,,,,
1,1,1950,1953,5,23,,,,
7,7,1975,1975,11,16,,,,
5,7,1976,1976,7,5,,,,
1,3,1967,1967,8,18,,,,
9,8,1964,1969,10,19,,,,
27,1,1971,1971,12,25,,,,
18,9,1972,1973,3,28,,,,
22,9,1972,1972,11,28,,,,
14,7,1974,1975,9,7,,,,
14,7,1974,1974,7,14,,,,
10,7,1974,1974,7,24,,,,
25,11,1969,1971,4,31,,,,
11,2,1970,1970,4,14,,,,
20,1,1973,1973,1,20,,,,
1,12,1961,1961,12,31,,,,
8,4,1963,1963,4,17,,,,
26,5,1972,1972,5,26,,,,
24,12,1972,1973,6,14,,,,
3,3,1971,1971,4,12,,,,
18,5,1966,1969,8,7,,,,
1,10,1974,1974,11,20,,,,
20,11,1974,1974,11,20,,,,
9,1,1973,1973,6,14,,,,
28,1,1973,1973,6,14,,,,
4,10,1971,1971,10,7,,,,
23,3,1969,1969,3,26,,,,
6,4,1968,1968,7,27,,,,
14,10,1966,1966,11,4,,,,
14,5,1968,1968,5,18,,,,
15,12,1971,1971,12,16,,,,
1,3,1969,1969,4,4,,,,
2,12,1963,1964,1,1,,,,
29,10,1966,1966,11,4,,,,
10,3,1966,1966,3,10,,,,
23,7,1962,1962,7,23,,,,
1,11,1974,1975,6,3,,,,
7,4,1975,1975,4,7,,,,
1,11,1961,1961,11,31,,,,
7,12,1962,1962,12,19,,,,
16,1,1965,1965,4,16,,,,
20,1,1961,1961,9,14,,,,
2,7,1967,1967,7,3,,,,
14,8,1960,1960,8,20,,,,
16,11,1963,1964,4,19,,,,
29,12,1963,1964,3,30,,,,
26,5,1974,1974,5,28,,,,
14,12,1975,1976,1,4,,,,
9,10,1975,1977,11,27,,,,
10,6,1976,1977,8,31,,,,
18,4,1975,1979,1,7,,,,
24,12,1975,1978,1,20,,,,
28,1,1976,1976,9,31,,,,
1,8,1975,1988,8,30,,,,
28,1,1976,1976,9,30,,,,
11,11,1975,1988,8,30,,,,
3,2,1974,1974,2,3,,,,
7,4,1971,1971,12,17,,,,
12,10,1954,1954,11,20,,,,
2,5,1954,1954,11,20,,,,
16,6,1969,1969,9,31,,,,
1,8,1975,1976,7,27,,,,
30,8,1956,1956,10,4,,,,
4,10,1956,1956,10,4,,,,
26,10,1968,1968,12,18,,,,
1,12,1965,1965,12,3,,,,
1,5,1962,1962,10,5,,,,
1,4,1962,1962,10,5,,,,
4,3,1964,1964,9,28,,,,
19,4,1976,1976,4,21,,,,
18,5,1975,1975,11,20,,,,
15,2,1975,1975,11,20,,,,
24,2,1918,1918,3,25,,,,
18,4,1970,1970,7,30,,,,
26,6,1967,1970,8,7,,,,
24,11,1974,1974,11,24,,,,
27,2,1866,1866,2,27,,,,
1,11,1865,1866,5,9,,,,
11,4,1866,1866,4,11,,,,
1,2,1865,1866,5,9,,,,
4,12,1884,1885,4,18,,,,
1,10,1885,1885,11,31,,,,
17,4,1874,1874,12,3,,,,
5,6,1894,1895,3,30,,,,
5,6,1894,1894,7,23,,,,
1,5,1849,1849,7,31,,,,
12,12,1854,1855,6,13,,,,
1,3,1856,1856,3,31,,,,
20,8,1857,1857,9,31,,,,
1,2,1869,1869,2,31,,,,
7,11,1846,1847,2,6,,,,
7,12,1846,1847,2,6,,,,
20,8,1857,1858,2,20,,,,
1,5,1861,1861,6,30,,,,
1,2,1863,1863,12,31,,,,
1,8,1872,1872,11,19,,,,
1,8,1852,1852,11,31,,,,
1,10,1852,1852,11,31,,,,
21,9,1843,1844,4,30,,,,
15,3,1873,1873,5,22,,,,
1,9,1877,1877,12,31,,,,
15,10,1878,1878,11,26,,,,
1,5,1879,1879,6,16,,,,
1,12,1891,1892,1,25,,,,
1,10,1897,1898,9,22,,,,
1,3,1884,1884,3,4,,,,
1,3,1884,1884,4,4,,,,
22,1,1883,1883,3,15,,,,
22,1,1883,1883,3,22,,,,
15,2,1879,1883,10,20,,,,
8,11,1878,1880,6,22,,,,
1,8,1863,1863,12,6,,,,
19,6,1862,1862,7,31,,,,
1,11,1857,1857,11,31,,,,
25,6,1856,1856,10,11,,,,
1,3,1852,1852,7,18,,,,
2,6,1852,1852,6,2,,,,
1,2,1834,1834,8,31,,,,
20,8,1868,1868,8,31,,,,
29,9,1873,1874,4,23,,,,
22,3,1872,1872,5,31,,,,
1,4,1851,1852,2,3,,,,
21,2,1891,1891,4,22,,,,
16,10,1888,1888,12,20,,,,
27,2,1882,1882,2,27,,,,
1,11,1869,1869,11,31,,,,
1,2,1876,1876,4,25,,,,
23,6,1890,1890,8,25,,,,
10,3,1885,1885,3,31,,,,
1,3,1885,1885,3,31,,,,
28,2,1885,1885,4,15,,,,
5,12,1840,1841,2,1,,,,
1,9,1893,1893,9,31,,,,
30,6,1886,1886,8,24,,,,
1,2,1880,1880,2,31,,,,
16,5,1876,1878,8,20,,,,
20,4,1875,1875,7,12,,,,
6,5,1873,1873,6,16,,,,
21,11,1859,1860,1,4,,,,
2,3,1860,1860,3,20,,,,
1,10,1855,1855,10,31,,,,
1,11,1850,1851,1,25,,,,
23,8,1843,1848,2,2,,,,
1,4,1838,1838,4,31,,,,
1,12,1836,1837,5,31,,,,
4,4,1836,1836,7,31,,,,
1,3,1839,1839,3,31,,,,
3,1,1898,1898,8,12,,,,
7,12,1896,1896,12,7,,,,
7,12,1875,1875,12,7,,,,
14,4,1864,1865,2,5,,,,
25,4,1864,1864,9,27,,,,
7,3,1855,1855,3,9,,,,
28,2,1854,1854,4,8,,,,
1,6,1850,1850,12,31,,,,
15,3,1818,1818,5,30,,,,
1,12,1896,1897,5,19,,,,
1,3,1882,1882,4,31,,,,
7,1,1878,1878,2,26,,,,
1,2,1877,1877,5,31,,,,
19,11,1868,1869,2,6,,,,
1,10,1866,1866,10,31,,,,
24,9,1829,1829,9,25,,,,
16,10,1859,1860,3,25,,,,
2,10,1893,1894,1,31,,,,
1,1,1846,1846,7,1,,,,
1,9,1850,1850,10,14,,,,
1,1,1855,1855,3,21,,,,
1,4,1862,1862,5,31,,,,
1,8,1863,1870,3,1,,,,
1,4,1865,1870,3,1,,,,
1,5,1858,1860,1,25,,,,
1,4,1859,1859,6,31,,,,
10,8,1862,1863,2,10,,,,
1,9,1893,1894,1,23,,,,
1,4,1899,1899,10,31,,,,
1,1,1912,1912,4,13,,,,
20,9,1889,1889,9,30,,,,
1,7,1866,1866,7,31,,,,
23,12,1887,1888,2,13,,,,
19,5,1949,1949,8,14,,,,
3,5,1960,1960,11,21,,,,
23,3,1970,1970,6,1,,,,
6,11,1965,1965,12,11,,,,
18,8,1967,1968,5,7,,,,
1,6,1968,1968,8,31,,,,
3,1,1970,1970,1,18,,,,
16,1,1970,1970,1,18,,,,
28,3,1973,1973,4,8,,,,
21,12,1972,1973,4,8,,,,
7,3,1975,1975,6,5,,,,
20,12,1941,1941,12,20,,,,
13,3,1970,1970,3,18,,,,
30,10,1826,1826,10,30,,,,
20,1,1836,1836,1,21,,,,
1,2,1842,1842,6,15,,,,
4,6,1845,1846,5,16,,,,
1,8,1849,1852,6,31,,,,
1,5,1858,1858,8,27,,,,
29,11,1859,1859,11,30,,,,
1,5,1859,1859,5,31,,,,
20,12,1860,1860,12,20,,,,
11,6,1872,1872,6,12,,,,
27,4,1876,1876,8,2,,,,
13,7,1877,1877,11,31,,,,
1,1,1881,1881,1,31,,,,
1,1,1881,1881,7,31,,,,
1,10,1886,1887,4,31,,,,
1,2,1889,1889,2,31,,,,
14,10,1890,1891,3,24,,,,
2,2,1891,1891,6,24,,,,
11,2,1895,1895,3,11,,,,
10,1,1895,1895,3,11,,,,
1,1,1895,1895,7,31,,,,
11,5,1895,1895,5,25,,,,
1,6,1896,1896,12,31,,,,
6,12,1896,1896,12,6,,,,
11,10,1897,1897,10,11,,,,
1,7,1905,1906,3,6,,,,
15,8,1912,1912,8,15,,,,
25,1,1911,1912,2,29,,,,
1,8,1914,1914,9,31,,,,
1,8,1914,1914,8,1,,,,
19,2,1915,1918,1,11,,,,
6,11,1915,1916,7,31,,,,
1,2,1917,1917,5,31,,,,
5,10,1914,1918,8,27,,,,
6,1,1921,1921,1,6,,,,
1,5,1921,1921,5,31,,,,
1,11,1922,1923,9,31,,,,
1,1,1923,1923,7,31,,,,
1,12,1925,1926,1,19,,,,
1,12,1926,1927,1,15,,,,
28,10,1927,1927,10,31,,,,
6,2,1926,1926,2,6,,,,
8,2,1927,1927,4,30,,,,
1,7,1933,1934,1,31,,,,
1,2,1881,1881,2,31,,,,
1,7,1883,1884,5,28,,,,
8,8,1939,1940,2,31,,,,
14,9,1939,1939,9,17,,,,
29,8,1939,1939,9,31,,,,
29,7,1940,1940,8,7,,,,
26,8,1944,1944,9,9,,,,
1,6,1942,1942,6,22,,,,
25,1,1942,1945,8,31,,,,
1,2,1944,1944,3,19,,,,
1,3,1944,1944,5,31,,,,
15,2,1947,1947,4,3,,,,
3,4,1947,1947,4,3,,,,
16,6,1952,1952,9,16,,,,
1,8,1952,1952,10,30,,,,
30,6,1952,1952,10,26,,,,
15,9,1952,1952,10,26,,,,
1,10,1952,1952,10,26,,,,
15,7,1952,1952,10,26,,,,
7,9,1954,1954,9,7,,,,
31,5,1957,1958,6,17,,,,
2,7,1958,1958,11,1,,,,
21,5,1959,1959,9,7,,,,
28,12,1959,1959,12,30,,,,
10,1,1960,1960,1,10,,,,
1,3,1960,1960,5,28,,,,
22,7,1966,1966,12,30,,,,
27,3,1866,1866,3,31,,,,
18,5,1967,1967,10,10,,,,
26,6,1969,1969,11,30,,,,
2,8,1971,1971,8,8,,,,
1,2,1976,1976,2,31,,,,
26,5,1919,1920,10,14,,,,
4,4,1917,1917,6,22,,,,
1,3,1914,1915,2,31,,,,
1,5,1916,1916,5,31,,,,
23,11,1975,1975,11,24,,,,
1,3,1915,1915,9,31,,,,
22,2,1932,1932,2,25,,,,
2,1,1911,1911,3,10,,,,
16,1,1911,1911,3,10,,,,
25,9,1825,1825,9,26,,,,
1,5,1924,1924,11,31,,,,
16,8,1916,1916,8,16,,,,
1,7,1888,1888,7,31,,,,
15,7,1839,1841,8,29,,,,
14,1,1959,1959,1,14,,,,
29,11,1857,1858,5,29,,,,
14,2,1956,1956,2,14,,,,
28,9,1960,1960,9,28,,,,
21,1,1940,1940,1,23,,,,
6,5,1876,1876,5,30,,,,
6,7,1826,1826,7,6,,,,
3,9,1833,1833,12,11,,,,
1,5,1852,1852,6,31,,,,
1,10,1856,1857,1,31,,,,
2,4,1861,1861,4,2,,,,
1,6,1862,1863,1,5,,,,
1,5,1880,1880,12,31,,,,
1,7,1885,1885,7,31,,,,
15,10,1908,1908,10,25,,,,
26,7,1914,1914,8,2,,,,
18,7,1911,1911,7,19,,,,
24,12,1911,1911,12,24,,,,
8,8,1914,1915,2,31,,,,
30,10,1914,1918,11,11,,,,
2,6,1915,1915,7,31,,,,
25,4,1917,1917,10,17,,,,
1,4,1918,1919,7,19,,,,
6,6,1920,1920,7,28,,,,
1,4,1922,1922,7,29,,,,
24,8,1923,1923,9,24,,,,
18,12,1925,1926,2,28,,,,
18,4,1940,1940,8,1,,,,
2,8,1941,1941,12,8,,,,
6,12,1941,1941,12,6,,,,
18,1,1942,1942,8,22,,,,
13,9,1943,1943,9,18,,,,
27,11,1943,1943,11,28,,,,
18,12,1944,1945,7,5,,,,
1,4,1946,1946,12,7,,,,
14,5,1948,1948,10,31,,,,
9,2,1959,1959,8,15,,,,
28,6,1960,1960,7,31,,,,
1,1,1961,1961,9,31,,,,
1,8,1865,1866,2,12,,,,
2,5,1961,1961,11,25,,,,
28,5,1963,1963,6,14,,,,
3,12,1965,1966,8,23,,,,
11,11,1965,1966,8,23,,,,
9,1,1967,1967,2,31,,,,
18,1,1968,1969,4,28,,,,
18,1,1968,1968,1,31,,,,
10,10,1968,1969,2,28,,,,
26,1,1973,1973,1,26,,,,
26,6,1975,1975,6,28,,,,
25,11,1919,1919,12,30,,,,
12,12,1937,1937,12,12,,,,
31,3,1961,1961,3,31,,,,
11,5,1953,1953,9,23,,,,
20,9,1953,1953,10,29,,,,
27,5,1960,1960,5,27,,,,
27,4,1866,1866,4,27,,,,
1,12,1885,1885,12,31,,,,
4,2,1903,1903,2,4,,,,
2,10,1949,1950,2,27,,,,
18,10,1949,1949,11,16,,,,
5,6,1950,1950,7,15,,,,
17,8,1950,1950,8,24,,,,
23,11,1950,1950,11,23,,,,
1,12,1850,1851,1,31,,,,
1,8,1838,1838,8,31,,,,
6,12,1864,1864,12,6,,,,
12,6,1966,1966,6,13,,,,
5,5,1969,1969,5,5,,,,
25,2,1970,1970,3,21,,,,
16,10,1953,1953,10,28,,,,
11,2,1957,1957,2,11,,,,
21,7,1948,1948,10,21,,,,
14,12,1949,1949,12,14,,,,
15,2,1952,1952,3,7,,,,
28,3,1954,1954,4,5,,,,
3,3,1955,1955,3,29,,,,
20,9,1957,1957,9,20,,,,
26,11,1961,1961,11,26,,,,
25,8,1960,1960,8,27,,,,
27,12,1960,1961,1,6,,,,
22,9,1960,1960,10,19,,,,
16,2,1964,1964,3,16,,,,
11,5,1955,1955,5,11,,,,
23,7,1954,1954,7,27,,,,
23,7,1954,1954,7,23,,,,
1,8,1953,1953,9,2,,,,
24,6,1953,1953,6,24,,,,
19,1,1955,1955,1,19,,,,
27,8,1958,1958,8,27,,,,
1,2,1920,1920,2,28,,,,
16,2,1949,1949,2,25,,,,
3,5,1957,1957,6,23,,,,
3,11,1866,1866,11,3,,,,
19,6,1875,1875,12,30,,,,
1,3,1876,1876,3,16,,,,
27,7,1890,1890,8,25,,,,
1,2,1911,1911,3,5,,,,
13,12,1921,1921,12,13,,,,
12,6,1957,1957,6,13,,,,
9,9,1932,1933,5,25,,,,
14,11,1932,1932,11,14,,,,
16,2,1951,1952,10,16,,,,
1,3,1980,1982,4,14,,,,
26,3,1979,1982,4,14,,,,
13,8,1984,1985,3,1,,,,
18,9,1983,1987,4,30,,,,
1,11,1842,1843,1,31,,,,
12,11,1936,1936,11,12,,,,
4,7,1971,1971,7,4,,,,
12,6,1965,1965,6,12,,,,
31,3,1966,1966,6,24,,,,
1,4,1973,1973,5,23,,,,
28,7,1977,1978,3,14,,,,
22,2,1977,1978,3,14,,,,
14,4,1978,1979,2,7,,,,
24,2,1980,1981,6,13,,,,
30,6,1982,1983,8,13,,,,
30,1,1984,1984,5,26,,,,
20,12,1984,1985,1,2,,,,
17,9,1985,1985,10,22,,,,
1,4,1891,1891,9,31,,,,
1,3,1905,1905,3,31,,,,
7,7,1909,1909,7,7,,,,
3,11,1958,1958,11,3,,,,
25,7,1964,1964,7,29,,,,
14,7,1977,1978,2,10,,,,
18,8,1978,1979,1,9,,,,
7,9,1980,1981,2,9,,,,
25,4,1981,1981,4,29,,,,
21,9,1981,1982,2,23,,,,
18,8,1983,1983,8,18,,,,
19,10,1984,1984,10,19,,,,
16,11,1950,1950,11,20,,,,
29,6,1954,1954,9,19,,,,
25,6,1955,1955,11,5,,,,
2,5,1956,1956,5,2,,,,
7,6,1956,1956,10,3,,,,
2,8,1958,1958,9,26,,,,
1,12,1962,1963,12,26,,,,
7,4,1964,1965,2,4,,,,
25,4,1965,1965,4,25,,,,
17,7,1967,1967,7,22,,,,
23,3,1969,1969,4,23,,,,
10,12,1971,1971,12,10,,,,
12,4,1973,1973,4,12,,,,
27,2,1979,1979,2,27,,,,
1,12,1985,1987,6,4,,,,
1,12,1934,1935,1,31,,,,
10,2,1953,1953,2,10,,,,
10,2,1961,1961,4,23,,,,
18,12,1965,1966,1,12,,,,
23,5,1966,1966,5,23,,,,
14,9,1969,1969,9,14,,,,
20,1,1970,1970,2,5,,,,
14,4,1971,1971,5,31,,,,
2,1,1973,1973,3,3,,,,
24,1,1974,1974,5,21,,,,
27,2,1979,1979,6,19,,,,
24,10,1979,1980,4,16,,,,
27,8,1980,1988,8,20,,,,
18,10,1842,1842,10,26,,,,
17,6,1870,1870,6,18,,,,
15,1,1984,1984,1,15,,,,
23,1,1981,1981,3,6,,,,
21,6,1977,1978,1,18,,,,
27,2,1953,1953,7,13,,,,
21,10,1950,1950,10,21,,,,
1,2,1943,1943,2,31,,,,
11,2,1942,1942,8,11,,,,
1,4,1937,1937,12,31,,,,
27,1,1911,1911,1,28,,,,
1,8,1891,1891,8,31,,,,
10,8,1886,1886,8,10,,,,
1,10,1921,1921,12,31,,,,
1,10,1923,1923,12,31,,,,
1,8,1924,1924,12,31,,,,
26,2,1927,1927,2,27,,,,
16,1,1930,1930,1,26,,,,
1,3,1936,1937,1,9,,,,
1,5,1937,1937,11,31,,,,
7,11,1974,1975,2,31,,,,
1,3,1975,1975,3,31,,,,
20,9,1972,1972,9,22,,,,
17,4,1977,1977,7,19,,,,
24,2,1977,1977,5,11,,,,
9,10,1978,1979,6,3,,,,
11,3,1979,1979,6,3,,,,
1,1,1977,1977,4,14,,,,
8,1,1977,1977,1,25,,,,
4,2,1977,1977,2,14,,,,
31,10,1928,1928,10,31,,,,
13,12,1928,1928,12,13,,,,
26,4,1977,1977,4,26,,,,
1,5,1977,1977,10,2,,,,
15,4,1977,1977,5,26,,,,
13,5,1977,1977,5,25,,,,
8,3,1977,1977,5,26,,,,
16,4,1977,1977,5,22,,,,
28,4,1977,1977,5,25,,,,
1,5,1977,1977,5,26,,,,
28,4,1977,1977,5,26,,,,
13,5,1977,1977,5,26,,,,
1,5,1977,1977,5,22,,,,
1,5,1977,1977,5,25,,,,
28,4,1977,1977,5,22,,,,
3,2,1980,1980,2,15,,,,
1,9,1964,1964,9,1,,,,
31,12,1966,1967,4,22,,,,
29,1,1963,1963,2,27,,,,
19,2,1983,1983,2,19,,,,
7,5,1871,1871,5,7,,,,
24,6,1871,1871,6,29,,,,
1,11,1885,1885,11,31,,,,
16,3,1965,1965,3,16,,,,
6,11,1965,1965,11,6,,,,
13,9,1974,1974,10,31,,,,
1,11,1978,1978,11,1,,,,
21,3,1981,1982,3,28,,,,
20,5,1983,1984,3,10,,,,
1,12,1982,1984,3,10,,,,
17,10,1984,1985,3,13,,,,
2,7,1986,1986,7,2,,,,
27,6,1986,1987,7,31,,,,
8,5,1951,1951,5,8,,,,
19,5,1956,1956,5,19,,,,
1,12,1917,1917,12,31,,,,
15,7,1913,1914,5,19,,,,
30,3,1918,1918,4,11,,,,
16,6,1919,1920,2,25,,,,
5,5,1949,1949,8,10,,,,
7,3,1958,1961,10,17,,,,
2,6,1962,1962,11,22,,,,
17,5,1963,1964,1,15,,,,
14,3,1970,1971,9,20,,,,
15,2,1974,1974,7,20,,,,
13,7,1977,1978,3,17,,,,
28,4,1977,1978,5,19,,,,
10,3,1979,1980,3,27,,,,
1,3,1979,1980,12,6,,,,
7,7,1981,1982,7,13,,,,
1,2,1983,1983,2,10,,,,
1,2,1983,1983,8,5,,,,
1,2,1985,1985,2,6,,,,
13,11,1984,1985,4,29,,,,
11,8,1986,1986,8,21,,,,
1,6,1873,1873,6,31,,,,
1,3,1875,1875,12,12,,,,
25,3,1879,1879,9,20,,,,
31,7,1882,1882,8,28,,,,
1,10,1907,1907,11,20,,,,
22,4,1909,1909,9,4,,,,
1,8,1916,1917,4,13,,,,
7,6,1920,1920,10,31,,,,
5,12,1925,1925,12,23,,,,
15,3,1926,1926,3,15,,,,
12,3,1926,1926,3,18,,,,
2,4,1927,1927,4,3,,,,
30,5,1927,1927,8,30,,,,
8,4,1933,1933,9,13,,,,
20,5,1935,1935,6,10,,,,
13,6,1935,1935,6,27,,,,
10,7,1936,1936,12,30,,,,
27,6,1958,1958,7,7,,,,
7,11,1958,1958,11,7,,,,
25,7,1961,1961,9,7,,,,
2,4,1963,1963,4,2,,,,
14,2,1962,1962,8,14,,,,
19,11,1961,1962,8,14,,,,
28,1,1964,1964,3,27,,,,
21,10,1970,1970,11,10,,,,
9,4,1977,1977,4,10,,,,
19,11,1978,1979,1,2,,,,
9,8,1979,1979,8,10,,,,
4,9,1979,1979,11,20,,,,
31,8,1979,1979,11,20,,,,
13,3,1980,1980,3,19,,,,
4,5,1980,1980,5,4,,,,
12,5,1981,1981,5,14,,,,
30,9,1982,1983,1,24,,,,
23,6,1982,1983,1,24,,,,
12,9,1984,1984,9,19,,,,
24,11,1983,1984,5,20,,,,
20,4,1984,1984,5,20,,,,
24,3,1985,1985,9,7,,,,
6,6,1985,1985,9,7,,,,
13,3,1986,1986,3,13,,,,
16,7,1911,1911,8,3,,,,
10,8,1856,1858,2,12,,,,
24,7,1981,1982,9,5,,,,
30,4,1982,1982,4,30,,,,
18,1,1969,1969,1,20,,,,
19,2,1970,1970,2,22,,,,
16,8,1860,1860,8,16,,,,
21,1,1837,1837,1,27,,,,
1,2,1954,1956,11,10,,,,
7,1,1955,1955,11,7,,,,
13,1,1954,1956,11,10,,,,
23,12,1893,1893,12,23,,,,
12,3,1939,1939,3,16,,,,
13,8,1937,1937,8,13,,,,
31,8,1937,1937,9,2,,,,
14,8,1937,1937,8,14,,,,
12,8,1937,1937,8,12,,,,
14,5,1908,1908,5,14,,,,
3,5,1916,1916,5,4,,,,
20,11,1913,1914,2,14,,,,
14,10,1913,1913,12,6,,,,
29,11,1913,1913,12,26,,,,
16,8,1900,1901,9,7,,,,
26,10,1986,1987,4,26,,,,
1,2,1930,1930,5,10,,,,
1,4,1976,1976,4,31,,,,
27,1,1972,1972,4,20,,,,
1,3,1875,1875,10,31,,,,
1,6,1906,1906,12,31,,,,
24,1,1858,1858,5,31,,,,
13,7,1982,1982,7,24,,,,
1,11,1979,1979,12,31,,,,
1,9,1977,1978,2,31,,,,
10,8,1976,1976,8,10,,,,
1,3,1949,1949,11,24,,,,
17,7,1958,1958,10,22,,,,
15,7,1958,1958,7,31,,,,
31,8,1976,1976,9,6,,,,
22,1,1901,1902,2,28,,,,
11,12,1948,1949,3,9,,,,
19,4,1948,1948,5,31,,,,
14,7,1898,1898,8,14,,,,
4,6,1902,1902,11,25,,,,
3,4,1896,1896,4,21,,,,
14,8,1962,1962,8,14,,,,
12,9,1978,1978,12,27,,,,
1,3,1983,1985,6,6,,,,
30,4,1981,1985,6,6,,,,
2,8,1982,1983,1,26,,,,
28,9,1983,1984,9,3,,,,
30,4,1984,1984,4,30,,,,
10,7,1985,1985,7,11,,,,
1,2,1986,1988,3,31,,,,
7,1,1986,1988,3,31,,,,
31,1,1986,1986,2,1,,,,
5,6,1986,1986,6,5,,,,
2,7,1978,1979,3,17,,,,
6,4,1965,1965,8,24,,,,
4,8,1965,1965,8,24,,,,
12,5,1967,1967,5,14,,,,
1,7,1918,1920,2,15,,,,
1,2,1920,1920,4,6,,,,
23,11,1918,1919,4,6,,,,
17,12,1918,1919,4,6,,,,
28,6,1918,1919,10,12,,,,
1,1,1854,1854,12,1,,,,
31,5,1854,1854,12,1,,,,
28,1,1887,1887,1,28,,,,
20,4,1887,1887,4,28,,,,
1,3,1946,1947,4,16,,,,
23,7,1952,1952,7,31,,,,
5,11,1969,1970,1,13,,,,
8,2,1975,1975,4,7,,,,
20,8,1985,1985,8,22,,,,
7,3,1984,1984,3,7,,,,
20,10,1984,1984,10,20,,,,
24,7,1985,1985,11,28,,,,
10,7,1985,1985,7,13,,,,
31,5,1985,1985,6,5,,,,
22,3,1985,1985,3,27,,,,
19,3,1985,1985,3,19,,,,
21,2,1985,1985,2,21,,,,
20,2,1985,1985,2,20,,,,
29,9,1985,1985,9,29,,,,
18,10,1985,1985,10,18,,,,
1,10,1985,1985,10,1,,,,
26,8,1986,1986,8,26,,,,
27,8,1986,1986,8,27,,,,
16,8,1986,1986,8,16,,,,
19,5,1986,1986,5,19,,,,
26,4,1986,1986,6,15,,,,
16,4,1986,1986,4,16,,,,
6,4,1986,1986,5,1,,,,
2,3,1986,1986,3,2,,,,
13,1,1986,1986,1,14,,,,
28,5,1986,1986,5,28,,,,
6,1,1986,1986,5,19,,,,
12,12,1985,1986,1,17,,,,
29,8,1986,1986,8,29,,,,
3,9,1986,1986,9,3,,,,
15,9,1986,1986,9,15,,,,
30,4,1983,1983,4,30,,,,
4,2,1986,1986,2,4,,,,
22,10,1986,1986,10,22,,,,
23,9,1986,1986,11,26,,,,
18,9,1986,1986,9,22,,,,
20,3,1986,1986,3,21,,,,
19,8,1986,1986,12,15,,,,
10,7,1985,1985,7,10,,,,
20,7,1986,1986,7,23,,,,
21,6,1978,1978,6,21,,,,
9,1,1919,1920,7,12,,,,
11,11,1918,1920,7,12,,,,
6,1,1919,1920,2,1,,,,
8,3,1919,1920,2,1,,,,
3,1,1920,1920,2,1,,,,
3,1,1919,1920,2,1,,,,
22,11,1918,1919,2,24,,,,
12,1,1918,1920,10,1,,,,
1,1,1920,1920,10,1,,,,
1,9,1918,1920,10,1,,,,
30,12,1917,1920,10,1,,,,
30,10,1966,1966,10,31,,,,
21,11,1960,1960,11,22,,,,
31,7,1960,1960,7,31,,,,
11,10,1972,1972,10,11,,,,
14,1,1971,1971,3,24,,,,
13,7,1973,1973,7,22,,,,
29,4,1971,1971,10,5,,,,
21,8,1971,1972,8,19,,,,
7,7,1971,1971,8,16,,,,
20,4,1971,1971,4,20,,,,
25,7,1963,1963,11,22,,,,
26,12,1964,1965,1,6,,,,
14,4,1949,1949,7,19,,,,
4,10,1952,1952,11,2,,,,
18,3,1956,1956,3,26,,,,
10,11,1958,1959,8,2,,,,
6,1,1962,1962,4,27,,,,
16,10,1963,1963,10,16,,,,
1,1,1965,1965,6,30,,,,
1,4,1966,1966,8,31,,,,
1,3,1969,1969,3,30,,,,
12,8,1969,1970,3,17,,,,
20,12,1969,1969,12,21,,,,
15,7,1970,1970,7,15,,,,
5,5,1972,1972,5,5,,,,
7,7,1981,1981,11,3,,,,
8,9,1982,1982,9,8,,,,
20,10,1983,1984,1,31,,,,
25,6,1984,1984,8,30,,,,
17,1,1985,1985,10,7,,,,
14,10,1986,1986,11,15,,,,
18,2,1915,1915,11,11,,,,
19,5,1918,1918,11,11,,,,
23,4,1918,1918,11,11,,,,
11,1,1916,1916,7,11,,,,
9,2,1917,1918,11,11,,,,
14,8,1917,1918,11,11,,,,
26,3,1887,1887,4,30,,,,
1,7,1919,1919,10,25,,,,
20,8,1919,1919,10,25,,,,
1,8,1919,1919,10,25,,,,
13,9,1945,1945,9,15,,,,
6,10,1945,1946,5,3,,,,
22,4,1962,1962,9,31,,,,
15,10,1964,1965,4,15,,,,
1,12,1965,1966,1,15,,,,
26,1,1967,1967,2,12,,,,
10,8,1967,1967,8,17,,,,
1,8,1968,1968,9,28,,,,
1,9,1973,1973,9,31,,,,
1,12,1974,1974,12,31,,,,
4,7,1977,1977,8,5,,,,
11,3,1978,1978,5,9,,,,
27,1,1979,1980,2,14,,,,
5,10,1980,1980,10,29,,,,
12,7,1986,1986,7,12,,,,
12,7,1871,1872,1,12,,,,
28,4,1920,1921,9,23,,,,
26,2,1936,1936,4,31,,,,
10,8,1945,1945,8,10,,,,
1,4,1975,1975,6,18,,,,
20,5,1978,1979,10,2,,,,
12,11,1984,1984,11,23,,,,
22,4,1963,1963,10,22,,,,
20,11,1962,1962,11,20,,,,
19,3,1960,1960,3,19,,,,
20,6,1959,1959,6,20,,,,
2,3,1916,1916,3,2,,,,
2,9,1987,1987,9,2,,,,
29,11,1987,1987,12,30,,,,
17,3,1987,1987,3,17,,,,
1,4,1987,1988,6,31,,,,
17,5,1987,1987,5,18,,,,
27,1,1987,1988,7,3,,,,
24,9,1987,1988,4,8,,,,
1,5,1987,1987,5,1,,,,
6,8,1978,1978,8,8,,,,
25,7,1961,1961,8,1,,,,
22,10,1988,1988,11,4,,,,
4,5,1988,1988,8,18,,,,
8,8,1988,1988,10,11,,,,
14,11,1988,1988,11,14,,,,
20,2,1988,1988,3,16,,,,
29,4,1988,1988,12,9,,,,
19,4,1988,1988,4,19,,,,
10,10,1988,1988,10,30,,,,
28,3,1988,1988,7,21,,,,
14,2,1988,1988,2,14,,,,
8,8,1988,1988,8,8,,,,
7,10,1988,1988,10,7,,,,
11,12,1988,1988,12,11,,,,
28,5,1988,1988,5,28,,,,
20,1,1988,1988,1,20,,,,
14,5,1988,1988,5,14,,,,
16,8,1988,1988,8,16,,,,
9,9,1988,1988,10,11,,,,
29,9,1988,1988,9,29,,,,
14,4,1988,1988,5,6,,,,
12,2,1988,1988,2,12,,,,
30,12,1988,1989,1,4,,,,
20,5,1987,1988,2,19,,,,
12,4,1987,1987,5,4,,,,
15,3,1987,1987,6,15,,,,
1,6,1987,1987,6,25,,,,
15,4,1987,1987,6,6,,,,
8,6,1987,1987,9,30,,,,
11,10,1987,1987,10,11,,,,
28,7,1987,1987,7,28,,,,
8,3,1987,1987,3,8,,,,
21,8,1987,1987,9,23,,,,
15,8,1987,1987,8,15,,,,
22,5,1987,1987,5,22,,,,
11,5,1987,1988,5,20,,,,
2,8,1987,1988,4,24,,,,
1,6,1987,1988,3,27,,,,
27,12,1987,1987,12,27,,,,
29,5,1987,1987,5,29,,,,
24,7,1987,1987,8,12,,,,
5,12,1986,1986,12,5,,,,
20,10,1987,1987,12,28,,,,
3,6,1987,1987,6,3,,,,
15,1,1987,1987,1,15,,,,
2,5,1987,1987,5,2,,,,
1,4,1987,1987,4,18,,,,
9,4,1987,1987,4,25,,,,
13,8,1987,1987,9,5,,,,
13,2,1987,1987,3,24,,,,
15,6,1987,1987,6,15,,,,
30,6,1987,1987,8,11,,,,
21,4,1987,1987,11,2,,,,
13,9,1987,1987,9,13,,,,
3,10,1987,1987,10,3,,,,
14,9,1987,1987,9,14,,,,
3,1,1987,1987,1,3,,,,
2,7,1988,1988,7,2,,,,
1,8,1878,1878,8,31,,,,
25,5,1885,1886,6,7,,,,
18,5,1896,1896,7,6,,,,
14,2,1959,1959,2,14,,,,
16,11,1959,1959,11,16,,,,
17,1,1948,1948,3,6,,,,
4,3,1948,1948,3,6,,,,
13,6,1959,1959,6,13,,,,
21,12,1956,1956,12,21,,,,
19,4,1956,1956,4,19,,,,
13,2,1956,1956,2,13,,,,
13,12,1957,1957,12,18,,,,
8,6,1957,1957,6,8,,,,
24,3,1955,1957,11,19,,,,
14,4,1957,1957,4,14,,,,
29,7,1957,1957,7,29,,,,
19,3,1957,1957,3,19,,,,
4,6,1958,1958,10,5,,,,
7,5,1958,1958,5,7,,,,
8,6,1958,1958,7,19,,,,
2,6,1958,1958,6,30,,,,
16,4,1958,1958,4,17,,,,
7,1,1958,1958,1,10,,,,
1,1,1958,1958,1,4,,,,
20,3,1959,1959,5,11,,,,
28,3,1959,1959,3,28,,,,
27,1,1959,1959,8,24,,,,
28,2,1959,1959,2,28,,,,
28,2,1959,1959,3,6,,,,
27,8,1958,1959,6,5,,,,
11,1,1959,1959,1,11,,,,
17,12,1959,1959,12,17,,,,
10,4,1959,1959,4,12,,,,
19,3,1959,1959,3,20,,,,
16,3,1959,1959,6,18,,,,
16,7,1960,1960,9,7,,,,
8,5,1960,1960,5,8,,,,
28,2,1960,1960,6,30,,,,
8,10,1960,1960,10,8,,,,
25,9,1960,1960,9,25,,,,
3,11,1961,1961,11,3,,,,
11,6,1961,1961,8,18,,,,
30,5,1961,1961,5,31,,,,
4,4,1961,1961,4,4,,,,
15,12,1960,1961,4,13,,,,
19,1,1961,1961,1,19,,,,
21,6,1962,1962,9,8,,,,
13,5,1962,1962,5,13,,,,
11,3,1962,1962,3,11,,,,
6,2,1963,1966,1,9,,,,
3,12,1963,1963,12,3,,,,
17,11,1963,1963,11,17,,,,
27,9,1963,1963,9,27,,,,
27,8,1963,1963,8,27,,,,
21,11,1963,1963,11,21,,,,
4,10,1963,1963,10,4,,,,
15,3,1963,1963,3,15,,,,
30,11,1964,1964,11,30,,,,
17,7,1964,1964,7,17,,,,
19,11,1964,1964,11,19,,,,
21,9,1964,1964,9,21,,,,
30,3,1964,1964,3,30,,,,
29,1,1964,1964,1,29,,,,
19,12,1964,1964,12,19,,,,
24,9,1964,1964,9,24,,,,
11,9,1964,1964,9,16,,,,
28,1,1964,1964,3,10,,,,
27,10,1965,1965,10,27,,,,
5,3,1965,1965,3,5,,,,
11,1,1965,1965,1,14,,,,
28,5,1965,1965,5,28,,,,
28,4,1965,1965,5,2,,,,
4,4,1965,1965,4,5,,,,
25,4,1966,1966,4,25,,,,
14,3,1966,1966,3,14,,,,
22,1,1966,1966,1,22,,,,
15,7,1966,1966,7,15,,,,
17,6,1968,1968,6,17,,,,
4,5,1968,1968,5,18,,,,
13,2,1968,1968,2,13,,,,
28,9,1968,1968,11,8,,,,
30,6,1968,1968,11,17,,,,
22,6,1968,1968,6,22,,,,
30,6,1968,1968,7,2,,,,
5,10,1965,1967,11,23,,,,
10,5,1967,1967,5,17,,,,
28,4,1967,1967,4,28,,,,
12,10,1967,1967,10,12,,,,
30,4,1967,1967,4,30,,,,
2,3,1967,1967,3,22,,,,
8,9,1967,1967,9,8,,,,
19,9,1969,1969,10,4,,,,
9,8,1969,1969,9,3,,,,
4,2,1969,1969,2,4,,,,
9,1,1969,1969,1,9,,,,
20,11,1968,1968,12,19,,,,
18,4,1969,1969,4,27,,,,
15,4,1969,1969,4,27,,,,
15,11,1970,1970,11,16,,,,
15,12,1971,1971,12,28,,,,
29,1,1971,1971,1,29,,,,
14,8,1971,1971,8,14,,,,
24,2,1971,1971,7,6,,,,
9,2,1971,1971,3,9,,,,
22,8,1972,1972,8,22,,,,
17,1,1972,1972,1,22,,,,
21,3,1973,1973,3,21,,,,
23,2,1974,1974,2,24,,,,
14,9,1974,1974,9,14,,,,
2,9,1975,1975,9,2,,,,
17,8,1975,1975,8,22,,,,
24,4,1975,1975,4,24,,,,
1,8,1976,1976,8,1,,,,
5,5,1976,1976,5,6,,,,
7,1,1976,1976,1,7,,,,
25,11,1976,1976,11,25,,,,
15,10,1976,1976,10,15,,,,
12,4,1976,1976,4,13,,,,
30,4,1977,1977,5,1,,,,
12,11,1977,1977,11,13,,,,
7,9,1977,1977,9,7,,,,
30,7,1978,1978,7,30,,,,
13,4,1978,1978,4,13,,,,
14,11,1979,1979,11,14,,,,
28,8,1979,1979,8,31,,,,
13,7,1980,1980,7,13,,,,
31,8,1981,1981,8,31,,,,
14,8,1981,1981,8,14,,,,
17,7,1981,1981,7,30,,,,
5,6,1982,1982,10,4,,,,
24,4,1982,1982,7,13,,,,
8,3,1982,1982,3,8,,,,
3,4,1982,1982,4,3,,,,
17,3,1982,1982,3,17,,,,
3,2,1982,1982,2,3,,,,
9,1,1982,1982,1,9,,,,
19,4,1983,1983,4,19,,,,
16,12,1982,1982,12,16,,,,
19,1,1983,1983,1,19,,,,
9,9,1953,1953,9,9,,,,
16,6,1954,1954,6,16,,,,
22,7,1956,1956,8,8,,,,
24,8,1954,1955,11,27,,,,
24,5,1953,1953,11,25,,,,
25,9,1952,1952,10,3,,,,
25,10,1952,1952,10,25,,,,
13,2,1951,1951,6,8,,,,
18,3,1951,1951,5,22,,,,
5,9,1937,1937,9,10,,,,
3,7,1936,1936,7,3,,,,
10,3,1934,1934,6,16,,,,
7,6,1959,1959,8,4,,,,
1,10,1959,1959,10,1,,,,
10,3,1959,1959,3,15,,,,
15,12,1959,1959,12,15,,,,
27,2,1979,1979,3,1,,,,
9,2,1979,1979,5,13,,,,
26,2,1979,1979,2,26,,,,
14,12,1978,1979,1,24,,,,
16,10,1978,1979,8,10,,,,
23,8,1978,1978,8,26,,,,
7,12,1978,1979,2,7,,,,
18,4,1978,1979,3,15,,,,
20,4,1978,1978,4,20,,,,
17,3,1978,1978,3,17,,,,
15,2,1978,1978,2,17,,,,
20,3,1978,1978,3,20,,,,
1,2,1978,1978,2,1,,,,
13,10,1977,1977,10,15,,,,
20,5,1977,1977,5,27,,,,
27,2,1978,1978,3,1,,,,
27,1,1980,1980,1,30,,,,
19,1,1980,1980,3,4,,,,
31,8,1977,1977,8,31,,,,
4,11,1979,1981,1,21,,,,
13,8,1979,1979,8,13,,,,
15,11,1979,1979,11,19,,,,
26,10,1979,1979,11,1,,,,
10,6,1979,1979,10,10,,,,
18,3,1979,1979,6,26,,,,
2,3,1979,1979,3,15,,,,
12,3,1984,1984,9,20,,,,
19,2,1985,1985,2,19,,,,
14,6,1985,1985,6,14,,,,
26,8,1984,1984,10,25,,,,
17,12,1984,1985,1,25,,,,
9,10,1984,1984,10,9,,,,
22,8,1984,1984,8,22,,,,
10,7,1984,1984,10,24,,,,
15,6,1984,1984,6,15,,,,
3,6,1984,1984,6,3,,,,
26,4,1984,1984,7,5,,,,
27,3,1984,1984,11,9,,,,
19,3,1984,1984,3,19,,,,
8,3,1984,1984,3,31,,,,
8,3,1984,1984,3,8,,,,
28,12,1983,1984,1,16,,,,
9,12,1983,1984,6,10,,,,
19,11,1983,1983,11,21,,,,
25,10,1983,1983,11,1,,,,
21,10,1983,1983,11,1,,,,
23,10,1983,1983,11,1,,,,
9,10,1983,1983,10,10,,,,
1,10,1983,1984,1,31,,,,
3,9,1983,1984,4,1,,,,
1,9,1983,1983,9,1,,,,
9,8,1983,1983,8,9,,,,
1,8,1983,1983,8,10,,,,
10,8,1983,1983,8,10,,,,
29,4,1983,1983,7,11,,,,
27,4,1983,1983,5,8,,,,
16,4,1983,1983,4,30,,,,
12,4,1983,1983,10,17,,,,
26,2,1983,1983,7,26,,,,
17,2,1983,1983,2,20,,,,
16,2,1983,1983,2,20,,,,
18,2,1983,1983,2,20,,,,
9,12,1982,1983,3,27,,,,
29,12,1982,1983,1,13,,,,
1,2,1983,1983,2,1,,,,
21,8,1982,1982,10,29,,,,
12,8,1982,1982,8,12,,,,
18,7,1982,1982,7,18,,,,
16,6,1982,1982,6,17,,,,
26,5,1982,1982,6,26,,,,
11,5,1982,1982,5,11,,,,
10,5,1982,1982,9,5,,,,
13,4,1982,1982,4,13,,,,
5,4,1982,1982,4,5,,,,
3,3,1982,1982,3,3,,,,
24,2,1982,1982,2,24,,,,
28,2,1982,1982,9,16,,,,
9,11,1981,1981,11,9,,,,
22,10,1981,1981,11,6,,,,
19,10,1981,1981,10,19,,,,
1,10,1981,1981,10,1,,,,
24,9,1981,1981,9,24,,,,
21,9,1981,1981,9,21,,,,
9,11,1981,1981,12,6,,,,
10,9,1981,1981,12,6,,,,
18,8,1981,1981,8,21,,,,
20,8,1981,1981,8,21,,,,
7,6,1981,1981,6,7,,,,
5,5,1981,1981,8,17,,,,
15,12,1981,1981,12,15,,,,
20,5,1981,1981,5,20,,,,
25,10,1980,1981,1,20,,,,
22,2,1982,1982,2,24,,,,
26,11,1980,1981,1,8,,,,
9,12,1980,1981,1,8,,,,
13,11,1980,1980,11,16,,,,
23,11,1980,1980,11,23,,,,
20,11,1980,1980,11,20,,,,
11,8,1980,1981,2,11,,,,
15,7,1980,1980,7,15,,,,
15,6,1980,1980,6,15,,,,
19,5,1980,1980,5,19,,,,
6,5,1980,1980,5,6,,,,
2,6,1980,1980,11,2,,,,
14,3,1980,1980,12,8,,,,
29,2,1980,1980,7,29,,,,
7,2,1980,1980,2,7,,,,
4,2,1980,1980,2,4,,,,
21,9,1977,1977,10,1,,,,
1,10,1977,1977,10,1,,,,
3,9,1977,1977,9,4,,,,
27,8,1977,1977,11,1,,,,
12,7,1977,1977,9,10,,,,
7,8,1977,1977,8,7,,,,
6,7,1977,1977,11,2,,,,
23,6,1977,1977,6,26,,,,
27,6,1977,1977,6,28,,,,
7,8,1977,1979,8,7,,,,
11,5,1977,1979,12,21,,,,
5,8,1907,1908,8,20,,,,
17,7,1909,1910,1,17,,,,
1,11,1919,1921,10,20,,,,
10,3,1966,1966,4,14,,,,
1,7,1831,1831,7,14,,,,
15,4,1911,1911,6,30,,,,
23,4,1959,1959,4,24,,,,
5,3,1958,1958,3,5,,,,
5,3,1958,1958,4,13,,,,
7,1,1956,1956,1,10,,,,
3,11,1955,1956,12,10,,,,
26,3,1955,1955,3,30,,,,
7,10,1934,1934,10,7,,,,
16,7,1934,1934,7,16,,,,
23,8,1935,1935,8,30,,,,
15,12,1934,1934,12,15,,,,
11,4,1933,1933,4,11,,,,
15,6,1949,1949,8,14,,,,
26,4,1949,1949,8,14,,,,
26,9,1960,1960,9,30,,,,
17,8,1962,1962,8,17,,,,
15,8,1962,1962,8,19,,,,
30,3,1962,1962,3,30,,,,
19,8,1963,1963,11,8,,,,
5,2,1963,1963,2,5,,,,
27,5,1965,1965,5,27,,,,
28,7,1965,1965,7,28,,,,
15,1,1967,1967,1,15,,,,
24,2,1966,1966,12,29,,,,
20,4,1967,1967,4,30,,,,
1,5,1969,1969,11,13,,,,
2,8,1974,1974,8,28,,,,
4,8,1975,1975,10,12,,,,
6,6,1976,1976,11,25,,,,
18,7,1976,1976,7,18,,,,
5,4,1976,1976,4,5,,,,
28,12,1981,1982,1,3,,,,
1,9,1922,1922,9,15,,,,
24,8,1922,1922,9,15,,,,
13,1,1922,1923,1,31,,,,
8,2,1925,1925,4,30,,,,
8,7,1926,1926,7,23,,,,
2,9,1925,1926,3,20,,,,
11,12,1925,1926,3,20,,,,
5,2,1931,1931,2,5,,,,
28,7,1928,1928,7,28,,,,
16,6,1929,1929,6,16,,,,
7,6,1937,1937,6,7,,,,
3,6,1938,1938,6,28,,,,
2,10,1939,1940,1,15,,,,
5,10,1946,1946,10,5,,,,
9,8,1946,1946,8,31,,,,
12,9,1949,1949,9,12,,,,
6,6,1951,1951,9,8,,,,
17,5,1951,1951,9,8,,,,
3,5,1950,1950,9,27,,,,
19,4,1950,1950,4,19,,,,
3,9,1951,1951,12,3,,,,
2,8,1951,1951,8,2,,,,
1,5,1952,1952,5,1,,,,
14,5,1952,1952,12,3,,,,
8,6,1952,1952,6,14,,,,
10,9,1953,1953,9,10,,,,
10,8,1953,1953,8,10,,,,
21,5,1954,1954,5,22,,,,
1,5,1969,1969,8,15,,,,
17,10,1953,1954,6,20,,,,
14,12,1953,1954,7,4,,,,
4,10,1954,1954,10,4,,,,
15,9,1954,1954,9,15,,,,
1,2,1955,1955,2,1,,,,
29,12,1955,1955,12,29,,,,
25,12,1955,1955,12,25,,,,
30,4,1955,1955,4,30,,,,
19,1,1973,1973,5,20,,,,
15,3,1955,1955,4,9,,,,
31,1,1974,1974,2,4,,,,
28,11,1955,1955,11,28,,,,
27,7,1955,1955,7,27,,,,
23,9,1956,1956,9,23,,,,
12,11,1956,1956,11,12,,,,
1,9,1956,1956,9,1,,,,
11,4,1956,1956,4,11,,,,
30,1,1956,1956,2,7,,,,
17,5,1976,1976,5,17,,,,
24,9,1974,1974,10,5,,,,
14,9,1939,1939,9,19,,,,
7,1,1949,1949,4,4,,,,
8,1,1949,1949,4,4,,,,
1,1,1957,1959,1,22,,,,
15,8,1959,1961,8,20,,,,
8,3,1895,1895,3,8,,,,
1,3,1825,1825,3,31,,,,
1,11,1824,1824,11,31,,,,
1,10,1824,1824,10,31,,,,
8,4,1823,1823,10,23,,,,
1,9,1822,1822,9,31,,,,
1,6,1817,1817,6,31,,,,
27,7,1816,1816,7,27,,,,
29,3,1955,1955,4,31,,,,
29,1,1955,1955,2,31,,,,
29,10,1962,1962,11,1,,,,
1,6,1862,1864,10,31,,,,
1,7,1871,1872,1,31,,,,
1,7,1891,1892,10,31,,,,
15,8,1900,1900,10,10,,,,
1,8,1912,1913,11,5,,,,
1,6,1912,1912,8,26,,,,
16,10,1916,1916,10,31,,,,
6,7,1921,1921,11,5,,,,
1,6,1914,1914,12,31,,,,
1,9,1921,1922,3,31,,,,
1,1,1926,1926,1,31,,,,
1,3,1943,1943,6,31,,,,
7,11,1944,1945,8,14,,,,
12,5,1947,1948,2,31,,,,
21,7,1949,1949,7,21,,,,
29,1,1973,1973,1,29,,,,
25,5,1973,1973,5,25,,,,
8,4,1967,1967,4,8,,,,
1,5,1968,1968,7,9,,,,
1,10,1903,1903,10,20,,,,
30,10,1961,1961,10,30,,,,
4,4,1817,1817,4,31,,,,
12,9,1817,1817,11,1,,,,
13,5,1876,1876,5,13,,,,
1,5,1876,1876,5,31,,,,
23,1,1878,1878,1,31,,,,
20,9,1902,1902,10,2,,,,
3,1,1853,1853,3,12,,,,
5,9,1911,1911,9,5,,,,
16,3,1919,1919,3,16,,,,
20,10,1914,1914,11,7,,,,
30,8,1914,1914,8,30,,,,
2,8,1914,1914,8,2,,,,
13,8,1914,1914,8,18,,,,
10,2,1918,1918,2,10,,,,
19,2,1918,1918,3,6,,,,
4,1,1916,1918,11,11,,,,
4,1,1916,1918,11,3,,,,
4,1,1916,1918,11,29,,,,
19,8,1915,1918,11,11,,,,
29,11,1914,1914,11,29,,,,
24,8,1914,1914,8,24,,,,
21,8,1915,1915,9,22,,,,
8,11,1960,1960,11,8,,,,
26,2,1962,1962,2,26,,,,
1,12,1961,1962,2,26,,,,
22,3,1926,1926,3,22,,,,
1,6,1887,1887,6,31,,,,
14,3,1939,1939,3,17,,,,
6,11,1950,1951,4,7,,,,
20,12,1951,1951,12,20,,,,
19,9,1951,1952,7,2,,,,
24,1,1953,1956,10,6,,,,
24,12,1952,1954,3,26,,,,
3,4,1957,1961,4,28,,,,
20,8,1962,1962,11,30,,,,
23,7,1963,1963,7,23,,,,
22,4,1964,1965,3,3,,,,
18,2,1966,1966,11,29,,,,
25,10,1973,1975,7,25,,,,
15,10,1975,1976,3,6,,,,
14,11,1977,1977,11,19,,,,
3,7,1979,1979,7,3,,,,
20,1,1983,1983,1,21,,,,
16,8,1983,1985,7,5,,,,
23,12,1949,1950,1,7,,,,
8,8,1970,1971,10,17,,,,
12,7,1950,1950,7,12,,,,
28,12,1951,1951,12,28,,,,
12,8,1952,1952,8,12,,,,
28,2,1954,1954,2,28,,,,
6,4,1954,1955,2,25,,,,
1,2,1958,1960,6,9,,,,
14,10,1955,1958,2,1,,,,
12,2,1961,1961,8,15,,,,
3,8,1962,1962,8,30,,,,
7,11,1963,1964,2,17,,,,
3,11,1964,1965,3,21,,,,
2,12,1965,1965,12,2,,,,
16,2,1950,1950,9,4,,,,
24,9,1966,1966,11,27,,,,
17,9,1966,1966,11,27,,,,
10,10,1966,1966,10,10,,,,
16,12,1951,1952,6,29,,,,
9,1,1952,1952,4,25,,,,
15,8,1954,1954,12,28,,,,
4,8,1955,1955,8,4,,,,
1,2,1953,1958,1,22,,,,
29,3,1955,1955,3,31,,,,
10,11,1958,1961,9,1,,,,
15,10,1961,1963,9,8,,,,
14,9,1958,1958,9,18,,,,
24,5,1959,1959,8,20,,,,
6,7,1960,1960,7,13,,,,
4,12,1962,1963,11,11,,,,
22,7,1963,1963,9,4,,,,
21,4,1964,1966,11,27,,,,
9,10,1950,1952,7,13,,,,
22,2,1953,1953,10,28,,,,
1,2,1958,1959,3,17,,,,
20,7,1954,1958,2,1,,,,
7,10,1959,1960,8,22,,,,
30,5,1961,1961,10,15,,,,
15,10,1961,1963,1,30,,,,
13,2,1966,1966,8,3,,,,
27,9,1961,1961,9,27,,,,
11,9,1965,1966,2,21,,,,
7,11,1973,1974,5,31,,,,
8,6,1974,1975,10,20,,,,
26,11,1975,1977,9,23,,,,
1,7,1978,1978,7,11,,,,
27,6,1979,1980,2,31,,,,
4,10,1982,1984,6,14,,,,
13,6,1985,1986,8,7,,,,
6,4,1949,1949,4,13,,,,
15,6,1967,1967,11,27,,,,
3,9,1968,1971,10,17,,,,
24,8,1980,1981,7,25,,,,
4,4,1919,1919,9,22,,,,
1,1,1921,1921,4,9,,,,
22,8,1942,1943,2,22,,,,
22,6,1941,1941,6,22,,,,
24,4,1941,1941,10,24,,,,
6,6,1945,1945,8,14,,,,
12,2,1945,1945,8,7,,,,
12,2,1945,1945,8,12,,,,
15,2,1945,1945,8,7,,,,
15,2,1945,1945,8,14,,,,
27,3,1945,1945,8,7,,,,
27,3,1945,1945,8,14,,,,
11,4,1945,1945,8,14,,,,
24,2,1945,1945,5,7,,,,
24,2,1945,1945,8,14,,,,
1,3,1945,1945,8,14,,,,
12,12,1941,1942,6,24,,,,
24,12,1941,1942,6,24,,,,
12,12,1941,1942,6,12,,,,
8,12,1941,1942,6,8,,,,
11,12,1941,1942,6,11,,,,
19,12,1941,1942,6,19,,,,
9,9,1943,1944,3,9,,,,
4,12,1943,1944,6,4,,,,
26,11,1943,1944,5,26,,,,
9,12,1941,1942,6,9,,,,
11,12,1942,1942,6,11,,,,
13,12,1941,1942,6,13,,,,
22,5,1942,1942,11,22,,,,
7,12,1941,1942,6,7,,,,
27,1,1944,1944,7,27,,,,
14,12,1942,1943,6,14,,,,
30,12,1983,1986,6,14,,,,
19,2,1984,1984,4,30,,,,
26,6,1940,1940,6,28,,,,
24,4,1992,1992,4,24,,,,
16,7,1992,1996,10,2,,,,
16,7,1992,1992,7,16,,,,
30,1,1993,1993,2,8,,,,
26,7,1992,1993,12,23,,,,
26,8,1992,1993,1,18,,,,
26,8,1992,1993,1,21,,,,
6,1,1993,1993,1,14,,,,
1,7,1993,1993,7,4,,,,
2,8,1992,1993,1,17,,,,
17,10,1992,1992,10,17,,,,
9,12,1992,1992,12,31,,,,
11,4,1992,1993,2,20,,,,
20,10,1992,1994,3,2,,,,
6,4,1992,1993,1,25,,,,
31,3,1992,1992,7,21,,,,
14,7,1992,1992,7,14,,,,
27,7,1992,1992,8,2,,,,
13,6,1992,1993,10,26,,,,
16,9,1992,1992,9,21,,,,
1,2,1993,1993,2,1,,,,
7,9,1993,1993,9,7,,,,
26,1,1992,1995,1,31,,,,
1,9,1993,1993,9,1,,,,
1,4,1993,1993,9,4,,,,
12,12,1992,1992,12,12,,,,
5,4,1992,1992,9,8,,,,
15,4,1992,1992,4,18,,,,
11,1,1993,1993,1,20,,,,
12,1,1993,1993,1,13,,,,
7,10,1992,1994,1,2,,,,
30,9,1992,1992,10,23,,,,
22,5,1992,1992,5,22,,,,
11,3,1992,1992,3,17,,,,
31,5,1992,1992,5,31,,,,
29,4,1992,1992,6,4,,,,
1,2,1992,1992,12,25,,,,
12,3,1992,1992,9,12,,,,
18,3,1943,1945,5,7,,,,
20,3,1944,1945,5,7,,,,
20,3,1944,1944,5,8,,,,
18,12,1943,1944,5,8,,,,
9,3,1944,1945,5,7,,,,
9,9,1939,1939,9,29,,,,
27,11,1942,1944,8,25,,,,
7,7,1940,1944,8,25,,,,
2,5,1919,1919,6,9,,,,
9,4,1977,1977,4,11,,,,
25,6,1977,1977,6,25,,,,
19,2,1978,1978,2,19,,,,
29,6,1978,1978,10,12,,,,
6,2,1979,1979,2,18,,,,
18,4,1980,1980,6,17,,,,
23,9,1980,1980,9,23,,,,
15,1,1982,1982,1,15,,,,
3,12,1982,1982,12,7,,,,
10,4,1983,1983,4,24,,,,
28,4,1983,1983,5,7,,,,
4,9,1983,1984,3,4,,,,
9,5,1984,1984,7,23,,,,
14,5,1984,1984,7,23,,,,
29,5,1984,1984,7,1,,,,
7,5,1985,1985,11,5,,,,
24,9,1985,1985,9,30,,,,
28,8,1985,1985,12,2,,,,
30,9,1985,1985,9,30,,,,
9,1,1985,1986,2,6,,,,
16,11,1985,1986,3,14,,,,
16,11,1985,1986,1,14,,,,
16,11,1985,1986,3,16,,,,
27,2,1986,1986,4,22,,,,
1,10,1986,1987,3,15,,,,
23,6,1986,1986,7,31,,,,
1,3,1982,1982,6,14,,,,
15,4,1978,1980,3,8,,,,
2,7,1977,1980,12,17,,,,
3,12,1980,1980,12,3,,,,
13,12,1980,1981,11,15,,,,
29,10,1981,1981,11,15,,,,
2,8,1983,1983,8,24,,,,
9,8,1983,1984,10,20,,,,
27,2,1983,1984,12,21,,,,
3,7,1983,1984,10,13,,,,
15,2,1986,1987,9,11,,,,
10,2,1986,1987,9,11,,,,
13,1,1986,1986,4,15,,,,
7,1,1986,1986,1,7,,,,
5,10,1987,1987,10,5,,,,
14,1,1984,1984,7,12,,,,
21,11,1970,1970,11,27,,,,
1,8,1870,1871,7,31,,,,
18,4,1903,1904,4,28,,,,
1,5,1910,1911,4,31,,,,
22,3,1911,1911,3,27,,,,
1,12,1933,1934,1,31,,,,
1,9,1937,1938,1,31,,,,
6,11,1971,1971,11,6,,,,
1,11,1939,1939,11,30,,,,
5,11,1939,1940,5,10,,,,
16,2,1940,1940,3,25,,,,
4,11,1939,1940,4,9,,,,
26,2,1940,1940,4,9,,,,
10,1,1940,1940,3,20,,,,
24,10,1939,1939,10,24,,,,
14,12,1939,1940,11,3,,,,
12,6,1940,1940,6,12,,,,
13,12,1940,1940,12,13,,,,
13,3,1941,1941,3,13,,,,
25,7,1940,1940,7,25,,,,
8,2,1945,1945,2,8,,,,
7,2,1945,1945,5,7,,,,
7,2,1945,1945,8,7,,,,
8,9,1943,1943,9,9,,,,
9,9,1943,1943,10,18,,,,
25,6,1940,1940,7,1,,,,
6,11,1939,1940,1,4,,,,
5,11,1940,1940,11,5,,,,
7,4,1942,1942,4,7,,,,
30,4,1943,1943,4,30,,,,
5,11,1939,1940,3,2,,,,
19,11,1939,1940,6,10,,,,
3,7,1882,1882,9,15,,,,
3,7,1882,1882,7,10,,,,
12,6,1940,1940,7,1,,,,
1,4,1940,1940,10,18,,,,
15,5,1940,1940,10,30,,,,
1,2,1940,1940,2,24,,,,
5,11,1939,1940,12,13,,,,
2,6,1941,1941,6,2,,,,
7,2,1942,1944,4,28,,,,
26,7,1940,1940,7,26,,,,
2,12,1939,1939,12,2,,,,
12,12,1939,1939,12,12,,,,
10,1,1940,1940,1,10,,,,
12,10,1940,1940,10,19,,,,
2,4,1940,1940,4,4,,,,
4,3,1940,1941,4,6,,,,
1,4,1941,1941,4,6,,,,
1,3,1941,1941,4,6,,,,
10,10,1940,1940,12,31,,,,
15,4,1940,1940,6,10,,,,
23,5,1940,1941,1,9,,,,
26,8,1940,1941,6,22,,,,
1,8,1940,1940,8,30,,,,
5,8,1940,1940,8,5,,,,
28,8,1940,1941,6,22,,,,
25,8,1944,1945,5,7,,,,
24,8,1944,1944,9,9,,,,
1,8,1944,1944,8,1,,,,
6,11,1939,1940,1,5,,,,
10,12,1939,1939,12,13,,,,
19,12,1939,1939,12,19,,,,
13,12,1939,1940,2,11,,,,
13,12,1939,1939,12,13,,,,
22,12,1939,1939,12,28,,,,
29,5,1940,1940,5,29,,,,
16,7,1940,1940,10,22,,,,
1,10,1940,1940,10,1,,,,
19,1,1940,1941,2,20,,,,
5,10,1940,1941,2,20,,,,
22,9,1940,1940,10,20,,,,
14,7,1940,1940,7,14,,,,
16,6,1940,1940,10,21,,,,
19,9,1940,1940,9,19,,,,
14,7,1940,1940,12,27,,,,
11,10,1940,1940,10,11,,,,
11,10,1940,1940,11,4,,,,
12,10,1940,1940,11,4,,,,
4,11,1940,1940,11,4,,,,
14,1,1940,1940,4,2,,,,
11,4,1940,1940,5,17,,,,
24,11,1940,1940,11,24,,,,
20,8,1940,1940,10,29,,,,
3,12,1940,1940,12,16,,,,
25,6,1941,1941,6,27,,,,
9,3,1942,1942,3,9,,,,
31,1,1941,1941,1,31,,,,
22,9,1941,1941,10,7,,,,
19,9,1941,1941,10,7,,,,
2,1,1941,1941,1,2,,,,
8,2,1941,1941,2,8,,,,
8,1,1941,1941,1,8,,,,
19,5,1941,1941,5,19,,,,
13,10,1941,1941,10,13,,,,
16,3,1942,1942,3,16,,,,
17,3,1942,1942,8,7,,,,
24,4,1942,1942,6,1,,,,
1,6,1942,1942,6,1,,,,
2,8,1942,1942,8,2,,,,
24,2,1942,1942,2,24,,,,
9,12,1942,1942,12,9,,,,
1,1,1942,1942,10,30,,,,
21,3,1942,1942,3,22,,,,
7,2,1943,1943,2,7,,,,
18,1,1943,1943,1,18,,,,
26,11,1943,1943,11,26,,,,
11,12,1943,1943,12,11,,,,
11,12,1989,1989,12,11,,,,
12,1,1989,1989,12,22,,,,
2,8,1989,1989,8,2,,,,
23,5,1989,1989,5,29,,,,
9,4,1989,1989,9,30,,,,
11,12,1989,1989,12,15,,,,
30,11,1989,1990,2,12,,,,
29,8,1989,1989,8,29,,,,
12,1,1989,1989,1,12,,,,
10,4,1989,1989,4,27,,,,
12,3,1989,1989,3,12,,,,
15,11,1989,1990,2,3,,,,
20,9,1989,1989,9,20,,,,
17,2,1989,1989,3,13,,,,
3,6,1989,1989,6,3,,,,
11,2,1989,1989,4,7,,,,
28,1,1989,1989,1,28,,,,
15,7,1989,1989,7,15,,,,
21,5,1989,1989,5,21,,,,
23,1,1989,1989,7,22,,,,
25,10,1989,1989,10,25,,,,
21,10,1989,1989,10,21,,,,
31,1,1990,1990,5,31,,,,
2,10,1990,1990,10,2,,,,
15,4,1990,1990,5,24,,,,
15,11,1989,1990,4,16,,,,
4,1,1990,1990,1,4,,,,
21,2,1990,1990,2,21,,,,
2,4,1990,1991,2,28,,,,
24,7,1990,1991,3,3,,,,
9,8,1990,1991,3,3,,,,
10,8,1990,1991,3,3,,,,
18,9,1990,1991,3,3,,,,
21,8,1990,1991,3,3,,,,
8,8,1990,1991,3,3,,,,
6,1,1991,1991,3,3,,,,
1,12,1990,1991,3,3,,,,
11,8,1990,1991,3,3,,,,
14,8,1990,1991,3,3,,,,
3,8,1990,1991,3,3,,,,
28,5,1990,1990,8,3,,,,
24,1,1991,1991,3,3,,,,
22,1,1991,1991,3,3,,,,
16,7,1990,1991,3,3,,,,
24,2,1991,1991,3,3,,,,
1,9,1990,1991,3,3,,,,
9,9,1990,1991,3,3,,,,
4,5,1990,1991,3,3,,,,
11,2,1990,1990,12,22,,,,
8,2,1990,1990,2,21,,,,
25,6,1990,1990,10,29,,,,
1,2,1991,1991,3,3,,,,
24,1,1991,1991,1,24,,,,
29,7,1991,1991,7,29,,,,
21,5,1991,1991,5,21,,,,
15,3,1991,1991,12,31,,,,
9,4,1991,1991,10,10,,,,
27,10,1991,1991,11,5,,,,
27,6,1991,1991,8,2,,,,
22,8,1991,1991,9,19,,,,
31,3,1991,1991,4,31,,,,
27,1,1991,1991,12,28,,,,
5,8,1991,1991,10,27,,,,
4,10,1991,1991,10,4,,,,
7,8,1991,1991,8,29,,,,
9,2,1991,1991,3,3,,,,
4,2,1991,1991,3,30,,,,
1,5,1991,1991,9,2,,,,
21,12,1991,1991,12,21,,,,
6,10,1991,1991,10,13,,,,
2,2,1991,1991,2,2,,,,
20,9,1977,1978,6,13,,,,
5,6,1982,1982,9,1,,,,
11,4,1982,1985,6,5,,,,
1,1,1994,1996,9,23,,,,
8,2,1995,1995,3,1,,,,
3,1,1996,1996,1,8,,,,
24,1,1996,1996,1,30,,,,
25,6,1996,1996,6,25,,,,
20,5,1996,1996,5,22,,,,
17,9,1993,1999,7,17,,,,
31,5,1995,1995,5,31,,,,
1,10,1995,1995,10,1,,,,
26,1,1993,1993,2,20,,,,
8,4,1995,1995,6,13,,,,
22,12,1995,1995,12,22,,,,
9,1,1995,1995,5,9,,,,
15,10,1993,1993,10,16,,,,
25,8,1995,1995,9,23,,,,
18,10,1993,1994,9,17,,,,
18,10,1993,1994,9,29,,,,
29,5,1994,1994,9,29,,,,
20,10,1993,1994,9,29,,,,
12,8,1993,1993,8,13,,,,
1,1,1993,1993,4,30,,,,
1,4,1995,1995,4,1,,,,
10,1,1995,1995,9,16,,,,
3,3,1993,1993,3,24,,,,
5,11,1993,1994,11,2,,,,
10,6,1994,1994,6,17,,,,
1,3,1993,1995,4,23,,,,
26,3,1994,1994,6,17,,,,
1,1,1993,1993,1,1,,,,
16,4,1994,1994,4,28,,,,
8,1,1995,1995,1,8,,,,
4,9,1996,1996,9,6,,,,
1,1,1995,1995,5,13,,,,
1,12,1996,1997,9,23,,,,
1,8,1993,1993,8,1,,,,
1,5,1994,1994,8,31,,,,
7,3,1995,1995,4,16,,,,
30,1,1993,1993,1,31,,,,
1,6,1994,1994,11,14,,,,
22,1,1993,1993,4,11,,,,
14,10,1993,1993,10,14,,,,
8,6,1994,1995,6,8,,,,
10,4,1994,1994,9,8,,,,
26,11,1993,1995,9,30,,,,
1,7,1993,1994,8,14,,,,
10,3,1995,1995,3,15,,,,
23,4,1994,1994,5,5,,,,
1,5,1994,1994,6,13,,,,
26,1,1993,1993,1,31,,,,
8,4,1994,1994,4,11,,,,
15,2,1993,1993,2,15,,,,
9,6,1993,1993,6,12,,,,
3,3,1993,1994,2,21,,,,
3,3,1993,1993,8,7,,,,
3,3,1993,1993,10,7,,,,
31,12,1994,1995,5,31,,,,
26,6,1993,1993,6,26,,,,
25,3,1995,1995,3,25,,,,
21,8,1995,1995,8,21,,,,
1,7,1996,1996,7,1,,,,
2,9,1996,1996,9,30,,,,
19,12,1995,1996,3,28,,,,
1,7,1995,1996,3,25,,,,
23,8,1994,1994,10,31,,,,
1,2,1993,1993,2,4,,,,
18,2,1993,1993,2,18,,,,
26,7,1995,1995,7,31,,,,
31,3,1993,1993,4,7,,,,
23,10,1994,1994,11,30,,,,
13,3,1993,1993,7,25,,,,
11,3,1993,1993,3,11,,,,
5,3,1993,1993,4,30,,,,
1,6,1996,1996,11,29,,,,
5,8,1994,1997,4,14,,,,
8,3,1994,1996,3,24,,,,
1,11,1994,1994,12,31,,,,
1,12,1995,1996,4,30,,,,
1,3,1995,1995,3,31,,,,
1,11,1995,1995,11,30,,,,
28,5,1993,1993,5,28,,,,
23,1,1996,1996,1,23,,,,
17,12,1994,1998,9,30,,,,
10,10,1994,1999,9,3,,,,
31,8,1998,1998,12,31,,,,
30,7,1999,2000,3,31,,,,
10,2,1999,2000,4,30,,,,
25,10,1997,1997,10,25,,,,
17,9,1997,1997,9,17,,,,
28,12,1995,1996,7,9,,,,
6,10,1994,1995,11,14,,,,
17,8,1996,2001,4,26,,,,
3,6,1996,2001,7,20,,,,
25,8,1997,1997,12,23,,,,
13,3,1997,1997,3,13,,,,
24,3,1996,1996,3,24,,,,
7,5,1995,1995,10,17,,,,
12,8,1995,1995,11,30,,,,
10,1,1994,1994,1,10,,,,
1,6,1994,1994,6,30,,,,
29,3,1995,1995,3,29,,,,
20,6,1993,1993,6,20,,,,
26,2,1997,1997,3,21,,,,
26,3,1997,1997,3,28,,,,
17,10,1996,1996,10,25,,,,
5,8,1998,1998,8,31,,,,
6,11,1994,1994,11,6,,,,
23,10,1994,1995,1,27,,,,
6,1,1994,1994,1,31,,,,
22,10,1997,1998,4,20,,,,
15,6,1995,1995,11,3,,,,
3,1,1994,1994,11,27,,,,
13,11,1995,1996,8,15,,,,
22,9,1996,1997,5,17,,,,
27,9,1997,1997,11,30,,,,
21,7,1996,1999,1,31,,,,
16,6,1999,1999,7,18,,,,
18,7,1999,1999,7,18,,,,
15,2,1996,1996,2,15,,,,
15,2,1999,1999,2,19,,,,
1,8,1998,2000,2,28,,,,
1,1,1997,1997,1,13,,,,
1,5,1997,1997,7,31,,,,
12,3,1999,1999,5,6,,,,
27,6,1995,1995,7,17,,,,
15,8,1997,1998,5,2,,,,
3,3,1997,1997,3,31,,,,
3,5,1998,1999,6,10,,,,
11,6,1998,1999,6,10,,,,
11,6,1998,1999,3,20,,,,
9,3,1999,1999,3,20,,,,
1,2,1998,1999,6,10,,,,
1,3,1998,1999,6,10,,,,
17,8,1998,1998,8,26,,,,
12,1,1999,1999,1,12,,,,
1,12,1999,2000,7,31,,,,
19,2,2000,2000,2,25,,,,
20,9,1995,1996,7,31,,,,
13,5,1997,1997,10,19,,,,
1,4,1994,1994,4,30,,,,
3,3,1995,1995,3,31,,,,
16,7,1998,1998,8,31,,,,
6,3,1996,1996,3,31,,,,
30,10,1996,1996,10,30,,,,
1,8,1997,1997,8,26,,,,
24,2,2000,2000,4,30,,,,
28,12,2000,2001,5,13,,,,
7,3,1997,1997,3,31,,,,
1,4,1997,1997,5,31,,,,
8,8,1999,1999,8,31,,,,
3,6,2000,2000,6,30,,,,
1,9,2000,2000,9,30,,,,
20,3,1995,1995,7,10,,,,
5,9,1995,1995,9,5,,,,
8,8,1998,1998,10,8,,,,
16,5,1999,1999,5,16,,,,
7,9,1994,1994,9,9,,,,
28,10,1994,1994,12,10,,,,
14,2,1994,1994,5,31,,,,
12,6,1995,1995,6,13,,,,
3,2,1996,1997,5,4,,,,
13,5,1995,1995,5,13,,,,
20,1,1994,1994,1,20,,,,
17,11,1996,1996,12,10,,,,
9,1,1997,1997,8,31,,,,
6,2,1997,1997,2,6,,,,
13,7,1996,1996,7,13,,,,
15,8,1997,1997,8,31,,,,
13,2,1998,1999,10,1,,,,
25,5,1997,1997,5,31,,,,
29,10,1999,1999,10,31,,,,
13,10,1999,1999,10,13,,,,
15,8,1999,1999,10,3,,,,
14,5,1999,1999,7,15,,,,
12,7,1993,1993,8,19,,,,
6,4,1993,2001,12,31,,,,
25,5,1997,1997,5,28,,,,
21,2,2000,2000,11,28,,,,
27,3,2000,2000,11,28,,,,
1,6,1998,1998,12,31,,,,
16,1,1999,1999,1,16,,,,
1,7,1998,1998,8,1,,,,
1,6,1996,1996,6,30,,,,
26,6,1996,1996,6,26,,,,
27,7,1996,1997,1,31,,,,
10,10,1997,1998,7,29,,,,
2,4,1996,1996,4,2,,,,
24,2,1996,1996,2,24,,,,
1,11,2000,2000,12,31,,,,
21,8,1999,1999,8,21,,,,
24,9,1999,2001,3,29,,,,
30,5,2000,2000,6,6,,,,
1,6,1997,1998,7,19,,,,
29,9,1997,1998,4,30,,,,
5,9,1996,1999,2,17,,,,
29,9,1999,1999,9,29,,,,
9,2,2000,2000,10,21,,,,
17,11,1999,2001,3,14,,,,
2,2,2000,2000,4,30,,,,
10,11,2000,2000,12,20,,,,
11,1,1999,1999,1,14,,,,
3,10,1997,1997,10,3,,,,
20,8,1998,1998,8,20,,,,
23,3,2000,2000,3,23,,,,
7,1,1994,1994,1,9,,,,
17,10,2000,2000,11,9,,,,
18,6,2000,2000,9,13,,,,
11,9,2000,2000,9,11,,,,
21,4,2000,2000,4,21,,,,
18,7,1999,2000,10,28,,,,
8,11,1993,1993,11,8,,,,
21,3,1999,1999,3,24,,,,
1,4,1997,1997,4,30,,,,
11,8,1998,1998,8,31,,,,
11,8,1998,1998,8,30,,,,
31,8,1998,1998,8,31,,,,
8,8,2000,2000,8,8,,,,
27,6,1997,1997,6,29,,,,
10,8,1996,1996,10,18,,,,
3,4,2000,2000,4,27,,,,
31,1,2001,2001,1,31,,,,
5,2,2001,2001,2,5,,,,
12,12,2001,2001,12,12,,,,
16,12,1994,1994,12,16,,,,
14,2,2001,2001,2,14,,,,
14,2,2001,2001,4,11,,,,
30,8,2001,2001,9,30,,,,
18,10,2001,2001,10,18,,,,
4,7,2000,2000,7,4,,,,
8,5,1997,1997,5,31,,,,
8,10,1997,1997,10,8,,,,
11,10,1997,1997,10,15,,,,
28,9,1998,1999,4,30,,,,
16,2,1997,1997,2,28,,,,
25,2,1998,1998,9,11,,,,
27,5,1997,1998,3,10,,,,
27,5,1997,1997,6,5,,,,
27,5,1997,1998,3,2,,,,
14,8,1999,1999,8,18,,,,
5,5,2000,2000,6,11,,,,
1,9,1998,1998,11,30,,,,
1,2,1998,1998,2,28,,,,
9,4,1999,1999,4,30,,,,
1,7,2000,2001,5,25,,,,
6,5,1998,1998,6,7,,,,
1,2,2001,2001,3,31,,,,
3,10,1999,1999,10,9,,,,
21,10,2000,2000,10,21,,,,
13,10,2000,2000,11,23,,,,
24,10,2001,2001,11,30,,,,
12,9,1999,1999,9,26,,,,
28,7,2001,2001,7,28,,,,
22,12,2001,2001,12,22,,,,
2,8,1994,1995,10,9,,,,
7,10,1994,1994,10,20,,,,
9,10,1994,1994,10,20,,,,
12,10,1994,1994,10,20,,,,
15,10,1994,1994,10,20,,,,
1,12,1994,1994,12,1,,,,
30,8,1996,1996,11,4,,,,
2,11,1996,1996,11,2,,,,
1,10,1996,1997,9,25,,,,
7,10,1997,2001,10,10,,,,
3,11,1997,2001,10,3,,,,
22,10,1999,1999,10,22,,,,
15,2,1999,1999,2,16,,,,
17,12,1998,1998,12,20,,,,
4,9,2000,2001,8,24,,,,
4,11,1997,2001,3,31,,,,
21,1,1999,1999,1,21,,,,
10,8,2000,2000,8,10,,,,
13,7,2001,2001,12,27,,,,
17,4,2001,2001,4,17,,,,
1,5,2001,2001,5,31,,,,
1,4,2001,2001,4,5,,,,
25,4,2001,2001,8,17,,,,
27,3,2001,2001,8,31,,,,
2,6,2001,2001,11,27,,,,
15,9,2001,2001,11,15,,,,
7,10,2001,2001,11,15,,,,
9,10,2001,2001,10,31,,,,
7,10,2001,2001,10,10,,,,
6,10,2001,2001,10,31,,,,
7,10,2001,2001,10,31,,,,
21,12,2001,2001,12,21,,,,
17,3,1994,1994,3,17,,,,
10,3,1993,1993,3,31,,,,
20,5,1994,1994,5,31,,,,
1,3,1996,1996,3,31,,,,
24,8,2001,2001,8,25,,,,
1,10,1998,1998,10,31,,,,
10,6,1999,1999,6,10,,,,
27,6,1995,1995,6,28,,,,
31,7,2000,2000,10,6,,,,
30,8,2001,2001,8,30,,,,
12,10,1996,1996,10,31,,,,
26,9,2000,2000,9,30,,,,
5,8,2000,2000,9,30,,,,
26,6,1993,1993,6,28,,,,
26,1,2001,2001,6,4,,,,
1,5,2001,2001,6,18,,,,
13,8,1999,1999,8,16,,,,
7,1,2001,2001,11,21,,,,
7,12,1997,1997,12,9,,,,
30,10,2001,2001,10,30,,,,
1,3,2001,2001,3,6,,,,
14,4,1994,1994,9,30,,,,
8,2,1993,1993,2,8,,,,
4,3,1996,1996,4,30,,,,
26,3,2001,2001,10,30,,,,
16,5,2000,2000,5,31,,,,
29,4,2000,2000,5,1,,,,
29,4,2001,2001,4,30,,,,
10,2,2001,2001,4,29,,,,
20,5,1997,1997,5,31,,,,
23,7,2001,2001,8,15,,,,
8,3,1995,1996,2,23,,,,
15,12,1996,1997,5,14,,,,
27,12,2001,2001,12,31,,,,
12,7,1998,1998,7,17,,,,
17,3,1997,1997,4,3,,,,
25,7,2000,2001,1,31,,,,
25,8,2001,2001,8,26,,,,
1,3,2001,2001,3,31,,,,
1,9,1998,1998,9,30,,,,
1,8,1998,1998,8,31,,,,
30,10,1999,1999,10,30,,,,
17,2,1994,1994,2,17,,,,
1,1,1994,1994,1,31,,,,
11,6,1999,1999,6,11,,,,
24,6,1999,1999,6,24,,,,
23,3,2001,2001,3,23,,,,
19,3,1999,1999,3,30,,,,
29,9,1998,1999,4,30,,,,
7,8,1998,2001,6,30,,,,
2,8,1998,2001,6,30,,,,
23,8,1998,2001,6,30,,,,
19,8,1998,2001,6,30,,,,
24,1,1993,1993,2,20,,,,
5,6,1993,1994,2,28,,,,
8,4,1999,1999,4,19,,,,
24,11,2000,2000,11,27,,,,
15,4,1999,1999,4,30,,,,
23,5,1994,1994,8,22,,,,
22,5,1995,1995,9,15,,,,
11,4,1996,1996,8,8,,,,
24,5,2000,2001,7,1,,,,
